-- MySQL dump 10.13  Distrib 8.0.11, for Win64 (x86_64)
--
-- Host: localhost    Database: bookshop
-- ------------------------------------------------------
-- Server version	8.0.11

/*!40101 SET @OLD_CHARACTER_SET_CLIENT=@@CHARACTER_SET_CLIENT */;
/*!40101 SET @OLD_CHARACTER_SET_RESULTS=@@CHARACTER_SET_RESULTS */;
/*!40101 SET @OLD_COLLATION_CONNECTION=@@COLLATION_CONNECTION */;
 SET NAMES utf8 ;
/*!40103 SET @OLD_TIME_ZONE=@@TIME_ZONE */;
/*!40103 SET TIME_ZONE='+00:00' */;
/*!40014 SET @OLD_UNIQUE_CHECKS=@@UNIQUE_CHECKS, UNIQUE_CHECKS=0 */;
/*!40014 SET @OLD_FOREIGN_KEY_CHECKS=@@FOREIGN_KEY_CHECKS, FOREIGN_KEY_CHECKS=0 */;
/*!40101 SET @OLD_SQL_MODE=@@SQL_MODE, SQL_MODE='NO_AUTO_VALUE_ON_ZERO' */;
/*!40111 SET @OLD_SQL_NOTES=@@SQL_NOTES, SQL_NOTES=0 */;

--
-- Table structure for table `admininfo`
--

DROP TABLE IF EXISTS `admininfo`;
/*!40101 SET @saved_cs_client     = @@character_set_client */;
 SET character_set_client = utf8mb4 ;
CREATE TABLE `admininfo` (
  `id_admin` int(11) NOT NULL AUTO_INCREMENT,
  `name` varchar(45) NOT NULL,
  `avatar` varchar(45) NOT NULL,
  `email` varchar(45) NOT NULL,
  `password` varchar(45) NOT NULL,
  `phone_number` varchar(45) NOT NULL,
  `address` varchar(45) NOT NULL,
  `credit` varchar(45) NOT NULL,
  `job` varchar(45) NOT NULL,
  `status` tinyint(4) NOT NULL,
  PRIMARY KEY (`id_admin`)
) ENGINE=InnoDB AUTO_INCREMENT=6 DEFAULT CHARSET=utf8mb4 COLLATE=utf8mb4_0900_ai_ci;
/*!40101 SET character_set_client = @saved_cs_client */;

--
-- Dumping data for table `admininfo`
--

LOCK TABLES `admininfo` WRITE;
/*!40000 ALTER TABLE `admininfo` DISABLE KEYS */;
INSERT INTO `admininfo` VALUES (1,'Bob','Capture3.PNG','bob@gmail.com','123456','0911561830','bk','12345','Senior',1),(2,'lilyy','Capture3.PNG','lily@gmail.com','1234567890','0911561830','ktqd','123456789','TGD',1),(3,'Olivia','Capture3.PNG','olivia@gmail.com','123456','0911561830','B1','123456789','Employee',1),(5,'DeeDee','Capture3.PNG','deedee@gmail.com','1234567','0911561830','B1','123456789','Employee',1);
/*!40000 ALTER TABLE `admininfo` ENABLE KEYS */;
UNLOCK TABLES;

--
-- Table structure for table `category_branch`
--

DROP TABLE IF EXISTS `category_branch`;
/*!40101 SET @saved_cs_client     = @@character_set_client */;
 SET character_set_client = utf8mb4 ;
CREATE TABLE `category_branch` (
  `id_category_branch` int(11) NOT NULL AUTO_INCREMENT,
  `id_category_main` int(11) NOT NULL,
  `name` varchar(50) CHARACTER SET utf8mb4 COLLATE utf8mb4_unicode_ci NOT NULL,
  `descriptionf` text CHARACTER SET utf8mb4 COLLATE utf8mb4_unicode_ci NOT NULL,
  `image` varchar(255) CHARACTER SET utf8mb4 COLLATE utf8mb4_unicode_ci NOT NULL,
  `status` tinyint(4) NOT NULL DEFAULT '1',
  PRIMARY KEY (`id_category_branch`),
  KEY `id_category_main` (`id_category_main`),
  CONSTRAINT `category_branch_ibfk_1` FOREIGN KEY (`id_category_main`) REFERENCES `category_main` (`id_category_main`)
) ENGINE=InnoDB AUTO_INCREMENT=54 DEFAULT CHARSET=utf8mb4 COLLATE=utf8mb4_unicode_ci;
/*!40101 SET character_set_client = @saved_cs_client */;

--
-- Dumping data for table `category_branch`
--

LOCK TABLES `category_branch` WRITE;
/*!40000 ALTER TABLE `category_branch` DISABLE KEYS */;
INSERT INTO `category_branch` VALUES (1,1,'Khoa Học Thiếu Nhi','Khoa Học Thiếu Nhi','1.jpg',1),(2,1,'Văn Học Thiếu Nhi','Văn Học Thiếu Nhi','2.jpg',0),(3,1,'Nhân Vật Nổi Tiếng','Nhân Vật Nổi Tiếng','3.jpg',1),(4,1,'Kỹ Năng Sống','Kỹ Năng Sống','4.jpg',1),(5,1,'Tủ Sách Mầm Non','Tủ Sách Mầm Non','5.jpg',1),(6,1,'Tủ Sách Tô Màu','Tủ Sách Tô Màu','6.jpg',0),(7,1,'Tủ Sách Dán Hình','Tủ Sách Dán Hình','7.jpg',0),(8,1,'Tủ Sách Cổ Tích','Tủ Sách Cổ Tích','8.jpg',0),(9,2,'Văn Học Kinh Điển','Văn Học Kinh Điển','9.jpg',0),(10,2,'Văn Học Thiếu Nhi','Văn Học Thiếu Nhi','10.jpg',0),(11,2,'Công chúa BarBie','Công chúa BarBie','11.jpg',0),(12,2,'My Little Pony','My Little Pony','12.jpg',0),(13,2,'Bọt Biển Spongebob','Bọt Biển Spongebob','13.jpg',0),(14,2,'Chim Angrybirds','Chim Angrybirds','14.jpg',0),(15,2,'Thomas & Friends','Thomas & Friends','15.jpg',0),(16,2,'Tủ Sách Sống Đẹp','Tủ Sách Sống Đẹp','16.jpg',0),(17,3,'Tủ Sách Rèn Luyện Kỹ Năng Sống','Tủ Sách Rèn Luyện Kỹ Năng Sống','17.jpg',0),(18,3,'Tủ Sách Bác Hồ','Tủ Sách Bác Hồ','18.jpg',0),(19,3,'Tủ Sách Sống Đẹp','Tủ Sách Sống Đẹp','19.jpg',0),(20,3,'Tủ Sách Mẹ Và Bé','Tủ Sách Mẹ Và Bé','20.jpg',0),(21,4,'Khám Phá Những Bí Ẩn','Khám Phá Những Bí Ẩn','21.jpg',1),(22,4,'Thế Nào Và Tại Sao','Thế Nào Và Tại Sao','22.jpg',1),(24,4,'Khám Phá Kids','Khám Phá Kids','24.jpg',1),(25,4,'Tuần Lễ Bách Khoa Thú Vị','auvwydicnsafuiQD','25.jpg',1),(26,4,'365 NgàY Phát Triển IQ','ksbiomdalvz','26.jpg',0),(27,4,'10 Vạn Câu Hỏi Tại Sao','Tủ Sách Cổ Tích','27.jpg',1),(28,4,'Bách Khoa Tri Thức Tổng Họp','Bách Khoa Tri Thức Tổng Họp','28.jpg',1),(29,4,'Bách Khoa Toàn Thư Cho Bé','Bách Khoa Toàn Thư Cho Bé','29.jpg',1),(30,4,'Doraemon','Atlas','30.jpg',1),(31,4,'Conan','Thỏ Bunny','31.jpg',1),(32,4,'Sách Ôn Thi','Bách Khoa Thư','32.jpg',1),(33,4,'Tủ Sách Cho Con','Tủ Sách Cho Con','33.jpg',1),(34,4,'Tìm Hiểu Về','Tìm Hiểu Về','34.jpg',1),(35,4,'Công Viên Khủng Long','Công Viên Khủng Long','35.jpg',1),(36,5,'Truyện Tranh Lịch Sử','Truyện Tranh Lịch Sử','36.jpg',1),(37,5,'Tủ Sách Bác Hồ','Tủ Sách Bác Hồ','37.jpg',1),(38,5,'Không Chiến Việt Nam 1965 - 1975','Không Chiến Việt Nam 1965 - 1975','38.jpg',1),(39,6,'Tủ Sách Giáo Dục Tham Khảo','Tủ Sách Giáo Dục Tham Khảo','39.jpg',1),(40,6,'Tủ Sách Ngoại Ngữ','Tủ Sách Ngoại Ngữ','40.jpg',1),(41,7,'Sách Tiếng Anh','Sách Tiếng Anh','41.jpg',1),(42,7,'Sách Tiếng Hàn','Sách Tiếng Hàn','42.jpg',1),(43,7,'Sách Tiếng Nhật','Sách Tiếng Nhật','43.jpg',1),(44,7,'Sách Tiếng Trung','Sách Tiếng Trung','44.jpg',1),(45,7,'Sách Tiếng Pháp','Sách Tiếng Pháp','45.jpg',1),(46,7,'Sách Song Ngữ','Sách Song Ngữ','46.jpg',1),(47,8,'Y Học','Y Học','47.jpg',1),(48,9,'Kinh Tế','Kinh Tế','48.jpg',1),(49,10,'Ẩm Thực','Ẩm Thực','49.jpg',1),(50,13,'Bút','Bút','50.jpg',1),(51,13,'Vở','Vở','51.jpg',1),(52,13,'Đồ Dùng Văn Phòng','Đồ Dùng Văn Phòng','52.jpg',1),(53,13,'Đồ Lưu Niệm','Đồ Lưu Niệm','53.jpg',1);
/*!40000 ALTER TABLE `category_branch` ENABLE KEYS */;
UNLOCK TABLES;

--
-- Table structure for table `category_main`
--

DROP TABLE IF EXISTS `category_main`;
/*!40101 SET @saved_cs_client     = @@character_set_client */;
 SET character_set_client = utf8mb4 ;
CREATE TABLE `category_main` (
  `id_category_main` int(11) NOT NULL AUTO_INCREMENT,
  `name` varchar(50) CHARACTER SET utf8mb4 COLLATE utf8mb4_unicode_ci NOT NULL,
  `description` text CHARACTER SET utf8mb4 COLLATE utf8mb4_unicode_ci NOT NULL,
  PRIMARY KEY (`id_category_main`)
) ENGINE=InnoDB AUTO_INCREMENT=14 DEFAULT CHARSET=utf8mb4 COLLATE=utf8mb4_unicode_ci;
/*!40101 SET character_set_client = @saved_cs_client */;

--
-- Dumping data for table `category_main`
--

LOCK TABLES `category_main` WRITE;
/*!40000 ALTER TABLE `category_main` DISABLE KEYS */;
INSERT INTO `category_main` VALUES (1,'Thiếu Nhi','Thiếu Nhi'),(2,'Văn Học','Văn Học'),(3,'Tâm Lý Đời Sống','Tâm Lý Đời Sống'),(4,'Khoa Học','Khoa Học'),(5,'Lịch Sử','Lịch Sử'),(6,'Tham Khảo','Tham Khảo'),(7,'Ngoại Ngữ','Ngoại Ngữ'),(8,'Y Học','Y Học'),(9,'Kinh Tế','Kinh Tế'),(10,'Ẩm Thực','Ẩm Thực'),(13,'Văn Phòng Phẩm','Văn Phòng Phẩm');
/*!40000 ALTER TABLE `category_main` ENABLE KEYS */;
UNLOCK TABLES;

--
-- Table structure for table `coment`
--

DROP TABLE IF EXISTS `coment`;
/*!40101 SET @saved_cs_client     = @@character_set_client */;
 SET character_set_client = utf8mb4 ;
CREATE TABLE `coment` (
  `id_coment` int(11) NOT NULL AUTO_INCREMENT,
  `id_product` int(11) NOT NULL,
  `id_customer` int(11) NOT NULL,
  `content` longtext NOT NULL,
  `isvalid` tinyint(4) NOT NULL,
  PRIMARY KEY (`id_coment`),
  KEY `id_product` (`id_product`),
  KEY `id_customer` (`id_customer`),
  CONSTRAINT `coment_ibfk_1` FOREIGN KEY (`id_product`) REFERENCES `product` (`id_product`),
  CONSTRAINT `coment_ibfk_2` FOREIGN KEY (`id_customer`) REFERENCES `customer` (`id_customer`)
) ENGINE=InnoDB AUTO_INCREMENT=14 DEFAULT CHARSET=utf8mb4 COLLATE=utf8mb4_0900_ai_ci;
/*!40101 SET character_set_client = @saved_cs_client */;

--
-- Dumping data for table `coment`
--

LOCK TABLES `coment` WRITE;
/*!40000 ALTER TABLE `coment` DISABLE KEYS */;
INSERT INTO `coment` VALUES (5,1,5,'rất tốt',1),(9,28,5,'regwegw',1),(11,91,6,'ok',1),(12,46,6,'jnosac',1),(13,173,6,'sdgsdg',1);
/*!40000 ALTER TABLE `coment` ENABLE KEYS */;
UNLOCK TABLES;

--
-- Table structure for table `coment_admin`
--

DROP TABLE IF EXISTS `coment_admin`;
/*!40101 SET @saved_cs_client     = @@character_set_client */;
 SET character_set_client = utf8mb4 ;
CREATE TABLE `coment_admin` (
  `id_coment` int(11) NOT NULL AUTO_INCREMENT,
  `id_product` int(11) NOT NULL,
  `id_admin` int(11) NOT NULL,
  `content` longtext NOT NULL,
  `isvalid` tinyint(4) NOT NULL DEFAULT '1',
  PRIMARY KEY (`id_coment`),
  KEY `id_product` (`id_product`),
  KEY `id_admin` (`id_admin`),
  CONSTRAINT `coment_admin_ibfk_1` FOREIGN KEY (`id_product`) REFERENCES `product` (`id_product`),
  CONSTRAINT `coment_admin_ibfk_2` FOREIGN KEY (`id_admin`) REFERENCES `admininfo` (`id_admin`)
) ENGINE=InnoDB AUTO_INCREMENT=8 DEFAULT CHARSET=utf8mb4 COLLATE=utf8mb4_0900_ai_ci;
/*!40101 SET character_set_client = @saved_cs_client */;

--
-- Dumping data for table `coment_admin`
--

LOCK TABLES `coment_admin` WRITE;
/*!40000 ALTER TABLE `coment_admin` DISABLE KEYS */;
INSERT INTO `coment_admin` VALUES (1,1,1,'Hello',1),(3,46,1,'Chào bạn',1),(4,46,1,'cHÀO BẠN',1),(5,46,1,'ƯGEFCLNIhạIP',1),(6,162,1,'nb2ejhbiuqohwcjX',1),(7,190,1,'Sách mới',1);
/*!40000 ALTER TABLE `coment_admin` ENABLE KEYS */;
UNLOCK TABLES;

--
-- Table structure for table `customer`
--

DROP TABLE IF EXISTS `customer`;
/*!40101 SET @saved_cs_client     = @@character_set_client */;
 SET character_set_client = utf8mb4 ;
CREATE TABLE `customer` (
  `id_customer` int(11) NOT NULL AUTO_INCREMENT,
  `name` varchar(35) CHARACTER SET utf8mb4 COLLATE utf8mb4_unicode_ci NOT NULL,
  `email` varchar(50) CHARACTER SET utf8mb4 COLLATE utf8mb4_unicode_ci NOT NULL,
  `password` varchar(50) CHARACTER SET utf8mb4 COLLATE utf8mb4_unicode_ci NOT NULL,
  `phone_number` varchar(20) CHARACTER SET utf8mb4 COLLATE utf8mb4_unicode_ci NOT NULL,
  `address` varchar(50) CHARACTER SET utf8mb4 COLLATE utf8mb4_unicode_ci NOT NULL,
  `credit` int(11) NOT NULL,
  `status` tinyint(4) NOT NULL,
  PRIMARY KEY (`id_customer`)
) ENGINE=InnoDB AUTO_INCREMENT=9 DEFAULT CHARSET=utf8mb4 COLLATE=utf8mb4_unicode_ci;
/*!40101 SET character_set_client = @saved_cs_client */;

--
-- Dumping data for table `customer`
--

LOCK TABLES `customer` WRITE;
/*!40000 ALTER TABLE `customer` DISABLE KEYS */;
INSERT INTO `customer` VALUES (1,'abc','abc@gmail.com','123','0911561830','HUST',1324,1),(2,'bcd','bcd@gmail.com','234','0911561830','SOICT',4343,1),(3,'cde','cde@gmail.com','345','0911561830','NEU',6574,1),(4,'def','def@gmail.com','456','0911561830','NUCE',5657,1),(5,'efg','efg@gmail.com','567','0911561830','FTU',7845,0),(6,'gfhvev','efuegfg@gmail.com','ạvufhinwadsx','0918273645','ưegwegwg',756245,0),(7,'Lilyy','lily@gmail.com','123','0911561830','ta quang buu',1234567,1),(8,'hyqiufhojqef','hyqiufhojqef@gmail.com','123','0911561830','TC 305',123,0);
/*!40000 ALTER TABLE `customer` ENABLE KEYS */;
UNLOCK TABLES;

--
-- Table structure for table `news`
--

DROP TABLE IF EXISTS `news`;
/*!40101 SET @saved_cs_client     = @@character_set_client */;
 SET character_set_client = utf8mb4 ;
CREATE TABLE `news` (
  `id_news` int(11) NOT NULL AUTO_INCREMENT,
  `title` longtext NOT NULL,
  `context` longtext NOT NULL,
  `publish_date` datetime NOT NULL,
  `id_product` int(11) NOT NULL,
  `id_admin` int(11) NOT NULL,
  `status` tinyint(4) NOT NULL DEFAULT '1',
  PRIMARY KEY (`id_news`),
  KEY `id_product` (`id_product`),
  KEY `id_admin` (`id_admin`),
  CONSTRAINT `news_ibfk_1` FOREIGN KEY (`id_product`) REFERENCES `product` (`id_product`),
  CONSTRAINT `news_ibfk_2` FOREIGN KEY (`id_admin`) REFERENCES `admininfo` (`id_admin`)
) ENGINE=InnoDB AUTO_INCREMENT=4 DEFAULT CHARSET=utf8mb4 COLLATE=utf8mb4_0900_ai_ci;
/*!40101 SET character_set_client = @saved_cs_client */;

--
-- Dumping data for table `news`
--

LOCK TABLES `news` WRITE;
/*!40000 ALTER TABLE `news` DISABLE KEYS */;
INSERT INTO `news` VALUES (1,'yaucubeafea','khbfebebi','2020-06-12 16:05:54',9,1,1),(2,'system programming','hvubashinxkaLMXã','2020-05-27 15:18:10',1,2,1),(3,'Constraint Based Local Search','25hwgafweag','2020-06-06 06:07:57',1,1,0);
/*!40000 ALTER TABLE `news` ENABLE KEYS */;
UNLOCK TABLES;

--
-- Table structure for table `notification`
--

DROP TABLE IF EXISTS `notification`;
/*!40101 SET @saved_cs_client     = @@character_set_client */;
 SET character_set_client = utf8mb4 ;
CREATE TABLE `notification` (
  `id_notification` int(11) NOT NULL AUTO_INCREMENT,
  `context` longtext NOT NULL,
  `datenoti` datetime NOT NULL,
  `isread` tinyint(4) NOT NULL DEFAULT '0',
  `id_oder` int(11) NOT NULL,
  PRIMARY KEY (`id_notification`),
  KEY `id_oder` (`id_oder`),
  CONSTRAINT `notification_ibfk_1` FOREIGN KEY (`id_oder`) REFERENCES `oder` (`id_oder`)
) ENGINE=InnoDB AUTO_INCREMENT=26 DEFAULT CHARSET=utf8mb4 COLLATE=utf8mb4_0900_ai_ci;
/*!40101 SET character_set_client = @saved_cs_client */;

--
-- Dumping data for table `notification`
--

LOCK TABLES `notification` WRITE;
/*!40000 ALTER TABLE `notification` DISABLE KEYS */;
INSERT INTO `notification` VALUES (1,'Xin chúc mừng, đơn hàng 19 đã được duyệt thành công, BookShop đang giao hàng cho bạn!','2020-06-13 14:43:37',1,19),(2,'Đơn hàng 19 đã được giao thành công, chân thành cảm ơn quý khách đã sử dụng dịch vụ của BookShop','2020-06-13 14:43:57',1,19),(3,'Rất tiếc, đơn hàng 20 đã bị hủy, quý khách vui lòng liên hệ BookShop để biết thêm chi tiết. Mong\n                    quý khách thông cảm vì sự bất tiện này','2020-06-13 14:44:10',1,20),(4,'Đơn hàng 21 đã được hủy thành công, BookShop rất tiếc vì sự bất tiện này, quý khách có thể đặt mua những\n                    sản phẩm khác trên BookShop. Cảm ơn quý khách đã sử dụng dịch vụ của BookShop','2020-06-13 14:46:28',1,21),(5,'Đơn hàng 27 đã được hủy thành công, BookShop rất tiếc vì sự bất tiện này, quý khách có thể đặt mua những\n                    sản phẩm khác trên BookShop. Cảm ơn quý khách đã sử dụng dịch vụ của BookShop','2020-06-13 15:07:00',1,27),(6,'Đơn hàng 67 đã được hủy thành công, BookShop rất tiếc vì sự bất tiện này, quý khách có thể đặt mua những\n                    sản phẩm khác trên BookShop. Cảm ơn quý khách đã sử dụng dịch vụ của BookShop','2020-06-13 15:07:45',0,67),(7,'Đơn hàng 123 đã được gửi đi và đang chờ xác nhận từ BookShop, chúng tôi sẽ thông báo sớm nhất về\n                trạng thái đơn hàng của quý khách','2020-06-13 15:59:24',1,123),(8,'Đơn hàng 124 đã được gửi đi và đang chờ xác nhận từ BookShop, chúng tôi sẽ m  sớm nhất về\n                trạng thái đơn hàng của quý khách','2020-06-13 16:15:54',1,124),(9,'Đơn hàng 22 đã được hủy thành công, BookShop rất tiếc vì sự bất tiện này, quý khách có thể đặt mua những\n                    sản phẩm khác trên BookShop. Cảm ơn quý khách đã sử dụng dịch vụ của BookShop','2020-06-13 16:17:08',0,22),(10,'Đơn hàng 23 đã được hủy thành công, BookShop rất tiếc vì sự bất tiện này, quý khách có thể đặt mua những\n                    sản phẩm khác trên BookShop. Cảm ơn quý khách đã sử dụng dịch vụ của BookShop','2020-06-13 16:17:53',0,23),(11,'Đơn hàng 125 đã được gửi đi và đang chờ xác nhận từ BookShop, chúng tôi sẽ thông báo sớm nhất về\n                trạng thái đơn hàng của quý khách','2020-06-13 16:49:43',1,125),(12,'Đơn hàng 126 đã được gửi đi và đang chờ xác nhận từ BookShop, chúng tôi sẽ thông báo sớm nhất về\n                trạng thái đơn hàng của quý khách','2020-06-14 06:36:03',0,126),(13,'Đơn hàng 127 đã được gửi đi và đang chờ xác nhận từ BookShop, chúng tôi sẽ thông báo sớm nhất về\n                trạng thái đơn hàng của quý khách','2020-06-14 13:23:19',0,127),(14,'Đơn hàng 128 đã được gửi đi và đang chờ xác nhận từ BookShop, chúng tôi sẽ thông báo sớm nhất về\n                trạng thái đơn hàng của quý khách','2020-06-14 13:46:52',0,128),(15,'Đơn hàng 129 đã được gửi đi và đang chờ xác nhận từ BookShop, chúng tôi sẽ thông báo sớm nhất về\n                trạng thái đơn hàng của quý khách','2020-06-14 13:47:14',1,129),(16,'Đơn hàng 130 đã được gửi đi và đang chờ xác nhận từ BookShop, chúng tôi sẽ thông báo sớm nhất về\n                trạng thái đơn hàng của quý khách','2020-06-14 13:51:49',1,130),(17,'Đơn hàng 50 đã được hủy thành công, BookShop rất tiếc vì sự bất tiện này, quý khách có thể đặt mua những\n                    sản phẩm khác trên BookShop. Cảm ơn quý khách đã sử dụng dịch vụ của BookShop','2020-06-15 03:43:44',0,50),(18,'Đơn hàng 131 đã được gửi đi và đang chờ xác nhận từ BookShop, chúng tôi sẽ thông báo sớm nhất về\n                trạng thái đơn hàng của quý khách','2020-06-15 08:22:45',0,131),(19,'Xin chúc mừng, đơn hàng 131 đã được duyệt thành công, BookShop đang giao hàng cho bạn!','2020-06-16 06:00:16',0,131),(20,'Rất tiếc, đơn hàng 129 đã bị hủy, quý khách vui lòng liên hệ BookShop để biết thêm chi tiết. Mong\n                    quý khách thông cảm vì sự bất tiện này','2020-06-16 06:00:19',0,129),(21,'Xin chúc mừng, đơn hàng 128 đã được duyệt thành công, BookShop đang giao hàng cho bạn!','2020-06-16 06:00:22',0,128),(22,'Đơn hàng 128 đã được giao thành công, chân thành cảm ơn quý khách đã sử dụng dịch vụ của BookShop','2020-06-16 06:00:32',0,128),(23,'Đơn hàng 132 đã được gửi đi và đang chờ xác nhận từ BookShop, chúng tôi sẽ thông báo sớm nhất về\n                trạng thái đơn hàng của quý khách','2020-06-17 07:05:33',0,132),(24,'Xin chúc mừng, đơn hàng 132 đã được duyệt thành công, BookShop đang giao hàng cho bạn!','2020-06-17 07:07:38',0,132),(25,'Đơn hàng 132 đã được giao thành công, chân thành cảm ơn quý khách đã sử dụng dịch vụ của BookShop','2020-06-17 07:07:46',1,132);
/*!40000 ALTER TABLE `notification` ENABLE KEYS */;
UNLOCK TABLES;

--
-- Table structure for table `oder`
--

DROP TABLE IF EXISTS `oder`;
/*!40101 SET @saved_cs_client     = @@character_set_client */;
 SET character_set_client = utf8mb4 ;
CREATE TABLE `oder` (
  `id_oder` int(11) NOT NULL AUTO_INCREMENT,
  `id_customer` int(11) NOT NULL,
  `date` datetime NOT NULL,
  `isapproved` tinyint(4) NOT NULL DEFAULT '0',
  `note` longtext CHARACTER SET utf8mb4 COLLATE utf8mb4_unicode_ci,
  `id_province` int(11) NOT NULL,
  `totalcost` int(11) NOT NULL DEFAULT '0',
  PRIMARY KEY (`id_oder`),
  KEY `id_customer` (`id_customer`),
  KEY `id_province` (`id_province`),
  CONSTRAINT `oder_ibfk_1` FOREIGN KEY (`id_customer`) REFERENCES `customer` (`id_customer`),
  CONSTRAINT `oder_ibfk_2` FOREIGN KEY (`id_province`) REFERENCES `province` (`id_province`)
) ENGINE=InnoDB AUTO_INCREMENT=133 DEFAULT CHARSET=utf8mb4 COLLATE=utf8mb4_unicode_ci;
/*!40101 SET character_set_client = @saved_cs_client */;

--
-- Dumping data for table `oder`
--

LOCK TABLES `oder` WRITE;
/*!40000 ALTER TABLE `oder` DISABLE KEYS */;
INSERT INTO `oder` VALUES (8,5,'2020-05-03 08:27:47',2,'beg8f9udqojmclwf',0,0),(9,5,'2020-05-03 08:29:08',3,'br fetbhgsvrw',0,0),(10,7,'2020-05-04 03:17:27',2,'beuifhcnad vjjdaovm ad',0,0),(11,6,'2020-05-22 02:37:03',2,'hcuhwncf1icon1',0,0),(12,6,'2020-05-22 04:33:05',2,'yigub gcuyvi',0,0),(13,6,'2020-05-22 04:36:37',3,'ưi90jewoowefc',0,0),(14,6,'2020-05-29 11:07:49',2,'hfuyguhnkiopkl',0,12),(15,6,'2020-05-29 11:09:52',2,'cgfctuyvgbiniklm,',0,175),(16,6,'2020-05-29 11:11:44',3,'f',0,14),(17,6,'2020-05-29 11:18:57',2,'thsrhbr',0,1),(18,6,'2020-05-29 11:24:47',3,'sfbf',0,1),(19,6,'2020-05-29 11:25:32',2,'vaefqwc',0,275),(20,6,'2020-05-29 13:14:48',3,'x xc cxfv',0,22),(21,6,'2020-05-29 13:23:31',3,'gyghnl;,',0,23),(22,6,'2020-05-29 13:42:50',3,'gyghnl;,',0,0),(23,6,'2020-05-29 14:25:24',3,'sdgvasfe',0,1),(24,6,'2020-05-29 14:25:32',0,'sdgvasfe',0,1),(25,6,'2020-05-29 15:48:30',0,NULL,0,17),(26,6,'2020-05-29 15:49:11',0,NULL,0,17),(27,6,'2020-05-29 15:52:08',3,'rgwegq',0,4),(28,6,'2020-05-29 16:00:22',0,'edvewfacw',0,4),(29,6,'2020-05-29 16:00:59',0,'edvewfacw',0,0),(30,6,'2020-05-29 16:01:39',0,'edvewfacw',0,0),(31,6,'2020-05-29 16:02:28',0,'edvewfacw',0,0),(32,1,'2020-06-04 06:33:06',0,NULL,0,0),(33,1,'2020-06-05 02:58:59',0,NULL,0,0),(34,1,'2020-06-05 05:54:36',0,NULL,0,0),(35,1,'2020-06-05 06:14:08',0,NULL,0,0),(36,1,'2020-06-05 06:15:17',0,NULL,0,0),(37,1,'2020-06-05 06:29:27',0,NULL,0,0),(38,1,'2020-06-05 11:23:47',0,'bhbhiml,',0,10),(39,1,'2020-06-05 11:27:42',0,'bhbhiml,',0,10),(40,1,'2020-06-05 11:31:17',0,'bhbhiml,',0,10),(41,1,'2020-06-05 11:32:22',0,'bhbhiml,',0,10),(42,1,'2020-06-05 11:57:03',0,NULL,2,215),(43,1,'2020-06-05 11:57:52',0,NULL,2,215),(44,1,'2020-06-05 12:00:32',0,'dểhagvbdtershayghdtj',2,215),(45,1,'2020-06-05 12:00:48',0,'dểhagvbdtershayghdtj',2,215),(46,1,'2020-06-05 12:02:39',0,'dểhagvbdtershayghdtj',2,215),(47,1,'2020-06-05 13:04:32',0,'ưvwdceveqf',2,325),(48,1,'2020-06-05 13:08:33',0,'anmdhjvfyiuqojmlfcoap',2,100),(49,6,'2020-06-05 13:32:25',0,'dvwergefvcaegeqfw',3,18),(50,6,'2020-06-05 13:35:42',3,'fgrtehwgfAVWREAGaed',3,1260),(51,6,'2020-06-05 13:36:32',0,'fgrtehwgfAVWREAGaed',3,1260),(52,6,'2020-06-05 13:37:38',0,'rtehgv ưerqfeaf',3,1590),(53,6,'2020-06-05 13:40:17',0,'rtehgv ưerqfeaf',3,1590),(54,6,'2020-06-05 13:41:52',0,'sebwrhgfSVBWREG',3,1),(55,6,'2020-06-05 13:42:10',0,'ÉVWEGQFW',3,300),(56,6,'2020-06-05 13:43:26',0,'ÉVWEGQFW',3,300),(57,6,'2020-06-05 13:44:07',0,'ưgasVGQEGEQ',3,600),(58,6,'2020-06-05 13:45:04',0,'ửeaverwhrwhgrw',3,1),(59,6,'2020-06-05 13:45:53',0,'derwevc dăbeqf',3,300),(60,6,'2020-06-05 13:49:23',0,'teweqfCADB',3,300),(61,6,'2020-06-05 13:50:31',0,'ETWGVW4HW',3,600),(62,6,'2020-06-05 14:38:09',0,'gưevgewtgqwfFWQ',2,110),(63,6,'2020-06-05 15:05:04',0,NULL,3,330),(64,1,'2020-06-05 15:07:04',0,'detravsfagv',3,300),(65,1,'2020-06-05 16:16:51',0,'fgdxbdsbzb sd',2,215),(66,1,'2020-06-05 16:38:12',0,NULL,2,100),(67,5,'2020-06-06 08:52:34',3,'gfhgxfdb',3,300),(68,5,'2020-06-06 08:58:00',0,NULL,0,0),(69,5,'2020-06-06 09:10:34',0,'dgx dzv',0,0),(70,5,'2020-06-06 09:24:26',0,'gjviuho9j0k',0,0),(71,5,'2020-06-06 09:31:05',0,'f hdgfzx',3,300),(72,5,'2020-06-06 09:32:12',0,NULL,3,300),(73,4,'2020-06-06 13:53:31',0,'ưeqawfdcq',3,12089),(74,4,'2020-06-06 15:41:17',0,'saveqvqef',3,74463),(75,6,'2020-06-08 02:38:57',0,'acvasv',3,19647),(76,6,'2020-06-08 02:42:39',0,'egv',0,11688),(77,6,'2020-06-10 14:30:25',0,'dewaCADB WRG',3,742621),(78,6,'2020-06-10 14:40:33',0,NULL,0,11449),(79,6,'2020-06-12 04:09:08',0,NULL,4,14886),(80,6,'2020-06-12 04:17:32',0,NULL,4,0),(81,6,'2020-06-12 04:24:04',0,'gyiug8hoopjkl',4,46174),(82,6,'2020-06-12 04:27:50',0,'ưeafcaeqgwf',4,4198),(83,6,'2020-06-12 04:35:22',0,'dẻacxadae',4,19558),(84,6,'2020-06-12 04:50:08',0,NULL,4,200879),(85,6,'2020-06-12 14:54:03',0,'jdafdhaijomalged',3,4592),(86,6,'2020-06-12 15:02:40',0,'rgvgwhr4qtRFGEA',3,4592),(87,6,'2020-06-12 15:04:53',1,'fet5y4wqwtag',3,1178),(88,6,'2020-06-12 16:40:59',3,'jbhvytcrde',3,19707),(89,6,'2020-06-13 01:53:21',0,'gdfxbdzb',4,4144),(90,6,'2020-06-13 02:04:14',0,'ághweag',4,9080),(91,5,'2020-06-13 03:08:55',0,'rn4t3hgqfDS',3,2485),(92,4,'2020-06-13 04:54:55',0,'fgdafDCVBSWR',3,2495),(93,4,'2020-06-13 05:10:49',0,'ghcuygihjok',2,24572),(94,4,'2020-06-13 06:29:17',0,'d rgebt3geqfwd',3,4936),(95,4,'2020-06-13 06:53:59',0,'d rgebt3geqfwd',3,4936),(96,4,'2020-06-13 07:17:41',0,',mnxbjkhndsmlz',4,376),(97,4,'2020-06-13 07:20:57',0,'d rgebt3geqfwd',3,376),(98,4,'2020-06-13 07:23:17',0,'eg jbuahoifjs',3,3456),(99,4,'2020-06-13 07:24:27',0,'eg jbuahoifjs',3,3456),(100,4,'2020-06-13 07:24:36',0,'eg jbuahoifjs',3,3456),(101,4,'2020-06-13 07:30:07',0,'eg jbuahoifjs',3,3456),(102,4,'2020-06-13 07:31:31',0,'eg jbuahoifjs',3,3456),(103,4,'2020-06-13 07:31:47',0,'eg jbuahoifjs',3,3456),(104,4,'2020-06-13 07:33:32',0,'eg jbuahoifjs',3,3456),(105,4,'2020-06-13 07:33:57',0,'eg jbuahoifjs',3,3456),(106,4,'2020-06-13 07:35:16',0,'eg jbuahoifjs',3,3456),(107,4,'2020-06-13 07:35:52',0,'eg jbuahoifjs',3,3456),(108,4,'2020-06-13 07:36:19',0,'eg jbuahoifjs',3,3456),(109,4,'2020-06-13 07:36:29',0,'eg jbuahoifjs',3,3456),(110,4,'2020-06-13 07:36:40',0,'eg jbuahoifjs',3,3456),(111,4,'2020-06-13 07:36:50',0,'eg jbuahoifjs',3,3456),(112,4,'2020-06-13 07:37:00',0,'eg jbuahoifjs',3,3456),(113,4,'2020-06-13 07:37:09',0,'eg jbuahoifjs',3,3456),(114,4,'2020-06-13 07:37:31',0,'eg jbuahoifjs',3,3456),(115,4,'2020-06-13 07:38:59',1,'eg jbuahoifjs',3,0),(116,6,'2020-06-13 07:39:59',0,'dfxjhnbvzsx',4,0),(117,6,'2020-06-13 13:15:21',0,'hhhfcyjghujiko',3,0),(118,6,'2020-06-13 13:19:57',0,'gftfg7hjio',3,1326),(119,6,'2020-06-13 13:21:18',0,'hyuihjokpljhyuhijwef',0,1176),(120,6,'2020-06-13 13:22:34',0,'gh453423tqgbne4wh',3,7401),(121,6,'2020-06-13 13:26:03',0,'jhgyr6fj7ghuji',0,7460),(122,6,'2020-06-13 13:31:46',3,'mntersaaD',0,5595),(123,6,'2020-06-13 15:59:24',0,'n hjweiuqhfjopkwd;gưe',4,281),(124,6,'2020-06-13 16:15:54',0,'hjzudhovijzk;',4,566),(125,6,'2020-06-13 16:49:43',0,'dzbsfnsreawdwa',3,8768),(126,6,'2020-06-14 06:36:03',0,'auyg78cy9uxI0PA',0,5616),(127,1,'2020-06-14 13:23:19',0,'fghtyu',3,469),(128,6,'2020-06-14 13:46:52',2,NULL,3,774),(129,6,'2020-06-14 13:47:14',3,NULL,3,6626),(130,6,'2020-06-14 13:51:49',0,'seavCA',2,882),(131,6,'2020-06-15 08:22:45',1,'egw43w',3,383),(132,6,'2020-06-17 07:05:33',2,'thégwyeu',3,6763);
/*!40000 ALTER TABLE `oder` ENABLE KEYS */;
UNLOCK TABLES;

--
-- Table structure for table `oder_detail`
--

DROP TABLE IF EXISTS `oder_detail`;
/*!40101 SET @saved_cs_client     = @@character_set_client */;
 SET character_set_client = utf8mb4 ;
CREATE TABLE `oder_detail` (
  `id_oder_detail` int(11) NOT NULL AUTO_INCREMENT,
  `item_order` int(11) NOT NULL,
  `id_oder` int(11) NOT NULL,
  `id_product` int(11) NOT NULL,
  `quantity` int(11) NOT NULL,
  `discount` double DEFAULT NULL,
  `subprice` int(11) NOT NULL,
  `id_partner_delivery` int(11) NOT NULL,
  `VAT` double NOT NULL,
  `boughtdate` datetime NOT NULL,
  `shipping_fee` int(11) NOT NULL,
  `totaleachcost` int(11) NOT NULL,
  PRIMARY KEY (`id_oder_detail`),
  KEY `id_oder` (`id_oder`),
  KEY `id_product` (`id_product`),
  KEY `id_partner_delivery` (`id_partner_delivery`),
  CONSTRAINT `oder_detail_ibfk_1` FOREIGN KEY (`id_oder`) REFERENCES `oder` (`id_oder`),
  CONSTRAINT `oder_detail_ibfk_2` FOREIGN KEY (`id_product`) REFERENCES `product` (`id_product`),
  CONSTRAINT `oder_detail_ibfk_3` FOREIGN KEY (`id_partner_delivery`) REFERENCES `partner_delivery` (`id_partner_delivery`)
) ENGINE=InnoDB AUTO_INCREMENT=142 DEFAULT CHARSET=utf8mb4 COLLATE=utf8mb4_unicode_ci;
/*!40101 SET character_set_client = @saved_cs_client */;

--
-- Dumping data for table `oder_detail`
--

LOCK TABLES `oder_detail` WRITE;
/*!40000 ALTER TABLE `oder_detail` DISABLE KEYS */;
INSERT INTO `oder_detail` VALUES (3,1,8,1,4,0,48833,0,717,'2020-06-13 11:33:07',73,18432),(4,2,8,3,1,0,22172,4,742,'2020-06-13 11:33:07',99,44882),(5,1,9,1,1,0,10362,4,759,'2020-06-13 11:33:07',76,14114),(6,2,9,4,3,0,31292,0,766,'2020-06-13 11:33:07',83,30927),(7,3,9,9,5,0,21376,2,753,'2020-06-13 11:33:07',86,7291),(8,1,10,1,1,0,9004,1,669,'2020-06-13 11:33:07',85,38678),(9,2,10,14,3,0,26893,3,283,'2020-06-13 11:33:07',64,16514),(10,3,10,55,3,0,53452,0,209,'2020-06-13 11:33:07',67,11537),(11,4,10,60,5,0,32583,0,199,'2020-06-13 11:33:07',44,53145),(12,1,11,1,10,0,48559,4,368,'2020-06-13 11:33:07',17,26114),(13,1,12,13,16,0,41045,4,442,'2020-06-13 11:33:07',55,16134),(14,2,12,15,1,0,5549,0,305,'2020-06-13 11:33:07',26,47330),(15,1,13,84,1,0,50609,1,201,'2020-06-13 11:33:07',66,33246),(16,1,14,2,12,0,32402,4,91,'2020-06-13 11:33:07',52,19243),(17,1,15,34,175,0,6181,2,655,'2020-06-13 11:33:07',62,41477),(18,1,16,2,7,0,29700,1,597,'2020-06-13 11:33:07',55,44656),(19,2,16,18,7,0,25956,1,218,'2020-06-13 11:33:07',89,43849),(20,1,17,2,1,0,36681,1,103,'2020-06-13 11:33:07',80,30278),(21,1,18,2,1,0,51537,4,661,'2020-06-13 11:33:07',33,14842),(22,1,19,2,143,0,43645,0,595,'2020-06-13 11:33:07',24,28379),(23,2,19,19,132,0,9613,1,190,'2020-06-13 11:33:07',24,42368),(24,1,20,2,13,0,13129,4,767,'2020-06-13 11:33:07',47,21704),(25,2,20,60,9,0,32808,0,63,'2020-06-13 11:33:07',64,26417),(26,1,21,2,10,0,20652,4,418,'2020-06-13 11:33:07',78,11974),(27,2,21,17,13,0,50838,1,299,'2020-06-13 11:33:07',99,25620),(28,1,24,2,1,0,38234,2,242,'2020-06-13 11:33:07',63,37177),(29,1,26,2,6,0,34655,3,315,'2020-06-13 11:33:07',17,54024),(30,2,26,68,4,0,4573,2,46,'2020-06-13 11:33:07',98,53592),(31,3,26,60,7,0,14902,3,86,'2020-06-13 11:33:07',38,50886),(32,1,27,2,4,0,6793,3,295,'2020-06-13 11:33:07',98,38656),(33,1,28,14,4,0,35257,0,415,'2020-06-13 11:33:07',74,35621),(34,1,29,14,4,0,51908,1,391,'2020-06-13 11:33:07',79,7138),(35,1,32,14,1,0,49770,1,711,'2020-06-13 11:33:07',73,23826),(36,1,33,35,1,0,39127,3,779,'2020-06-13 11:33:07',26,42720),(37,1,34,1,1,0,42326,1,162,'2020-06-13 11:33:07',14,37120),(38,2,34,2,1,0,40248,2,74,'2020-06-13 11:33:07',92,52439),(39,1,35,14,1,0,20263,3,687,'2020-06-13 11:33:07',19,45837),(40,1,36,17,4,0,26573,0,8,'2020-06-13 11:33:07',18,16870),(41,2,36,62,7,0,18074,3,381,'2020-06-13 11:33:07',33,41837),(42,1,37,35,4,0,6653,2,282,'2020-06-13 11:33:07',11,53577),(43,2,37,89,6,0,25043,0,268,'2020-06-13 11:33:07',55,37374),(44,1,42,18,6,0,51258,3,494,'2020-06-13 11:33:07',46,21139),(45,2,42,148,4,0,27161,2,64,'2020-06-13 11:33:07',64,38576),(46,1,43,18,6,0,28029,3,442,'2020-06-13 11:33:07',85,24461),(47,2,43,148,4,0,4664,3,417,'2020-06-13 11:33:07',30,51579),(48,1,44,18,6,0,35235,1,760,'2020-06-13 11:33:07',96,29511),(49,2,44,148,4,0,8181,2,145,'2020-06-13 11:33:07',92,37819),(50,1,45,18,6,0,31203,3,48,'2020-06-13 11:33:07',70,45562),(51,2,45,148,4,0,27473,4,608,'2020-06-13 11:33:07',77,9356),(52,1,46,18,6,0,39754,0,494,'2020-06-13 11:33:07',76,5092),(53,2,46,148,4,0,12352,0,647,'2020-06-13 11:33:07',51,42394),(54,1,47,14,5,0,38499,1,152,'2020-06-13 11:33:07',24,41695),(55,2,47,97,10,0,51441,3,418,'2020-06-13 11:33:07',70,26295),(56,3,47,2,1,0,37707,4,35,'2020-06-13 11:33:07',79,51388),(57,1,48,35,5,0,30214,2,525,'2020-06-13 11:33:07',86,23058),(58,1,49,35,5,0,33951,4,114,'2020-06-13 11:33:07',93,6123),(59,1,50,35,5,0,25111,3,599,'2020-06-13 11:33:07',9,6444),(60,2,50,98,7,0,19702,1,252,'2020-06-13 11:33:07',64,8850),(61,3,50,66,6,0,19178,1,264,'2020-06-13 11:33:07',94,19919),(62,4,50,48,7,0,32786,2,563,'2020-06-13 11:33:07',81,18046),(63,1,51,35,5,0,52397,2,421,'2020-06-13 11:33:07',20,25474),(64,2,51,98,7,0,9628,1,416,'2020-06-13 11:33:07',60,18230),(65,3,51,66,6,0,36947,2,16,'2020-06-13 11:33:07',41,9731),(66,4,51,48,7,0,51852,4,437,'2020-06-13 11:33:07',24,38966),(67,1,52,35,5,0,44420,3,534,'2020-06-13 11:33:07',98,10637),(68,2,52,98,7,0,12544,4,558,'2020-06-13 11:33:07',18,31286),(69,3,52,66,6,0,25461,1,388,'2020-06-13 11:33:07',99,19520),(70,4,52,48,7,0,35674,3,267,'2020-06-13 11:33:07',39,48744),(71,5,52,85,1,0,47986,2,173,'2020-06-13 11:33:07',0,30162),(72,1,53,35,5,0,28909,3,64,'2020-06-13 11:33:07',82,49576),(73,2,53,98,7,0,46588,4,600,'2020-06-13 11:33:07',12,52393),(74,3,53,66,6,0,42214,4,408,'2020-06-13 11:33:07',15,8241),(75,4,53,48,7,0,17305,2,239,'2020-06-13 11:33:07',40,29023),(76,5,53,85,1,0,5883,4,772,'2020-06-13 11:33:07',56,15395),(77,1,55,14,1,0,23503,3,739,'2020-06-13 11:33:07',58,34907),(78,1,56,14,1,0,45863,2,582,'2020-06-13 11:33:07',25,23350),(79,1,57,14,1,0,4810,4,692,'2020-06-13 11:33:07',52,7027),(80,2,57,35,1,0,32458,0,113,'2020-06-13 11:33:07',86,10088),(81,1,59,2,1,0,43864,4,90,'2020-06-13 11:33:07',72,24360),(82,1,60,2,1,0,17944,1,112,'2020-06-13 11:33:07',3,36535),(83,1,61,2,1,0,4130,0,289,'2020-06-13 11:33:07',2,54594),(84,2,61,14,1,0,12816,1,309,'2020-06-13 11:33:07',99,8369),(85,1,62,18,1,0,47693,1,680,'2020-06-13 11:33:07',88,23061),(86,1,63,17,1,0,46018,0,70,'2020-06-13 11:33:07',45,35201),(87,1,64,19,5,0,33012,2,715,'2020-06-13 11:33:07',63,51821),(88,1,65,14,5,0,23007,0,161,'2020-06-13 11:33:07',78,48502),(89,2,65,17,10,0,12000,1,263,'2020-06-13 11:33:07',4,32050),(90,1,66,14,2,0,36977,0,32,'2020-06-13 11:33:07',87,9742),(91,1,67,14,5,0,44887,0,172,'2020-06-13 11:33:07',25,47560),(92,1,68,84,6,0,9502,2,763,'2020-06-13 11:33:07',61,53575),(93,1,69,17,1,0,8852,2,96,'2020-06-13 11:33:07',31,20196),(94,1,70,28,1,0,11755,4,596,'2020-06-13 11:33:07',71,35257),(95,1,71,14,1,0,28218,0,287,'2020-06-13 11:33:07',64,10695),(96,1,72,14,1,0,51826,4,450,'2020-06-13 11:33:07',6,42707),(97,1,73,47,1,0,20477,0,12089,'2020-06-13 11:33:07',0,26449),(98,1,74,35,6,0,42906,0,12377.2,'2020-06-13 11:33:07',200,49125),(99,1,75,88,1,0,49102,0,8058.6,'2020-06-13 11:33:07',200,11277),(100,2,75,52,1,0,12790,0,11388.3,'2020-06-13 11:33:07',0,54009),(101,1,76,52,1,0,12645,0,11388.3,'2020-06-13 11:33:07',300,31217),(102,1,77,20,129,0,20855,0,5755.2,'2020-06-13 11:33:07',200,39060),(103,1,78,82,1,0,12342,0,899.8,'2020-06-13 11:33:07',300,46648),(104,2,78,13,1,0,45145,0,9949.5,'2020-06-13 11:33:07',300,11063),(105,1,79,180,1,0,34700,0,14786.2,'2020-06-13 11:33:07',100,10368),(106,1,81,9,11,0,34066,3,4197.6,'2020-06-13 11:33:07',0,13653),(107,1,82,9,1,0,12232,2,4197.6,'2020-06-13 11:33:07',0,32162),(108,1,83,9,1,0,4961,0,4197.6,'2020-06-13 11:33:07',0,14850),(109,2,83,21,1,0,34108,0,14116.3,'2020-06-13 11:33:07',100,22764),(110,3,83,14,1,0,51657,0,1043.9,'2020-06-13 11:33:07',100,14271),(111,1,84,172,1,0,51961,0,21687.6,'2020-06-13 11:33:07',0,48063),(112,2,84,13,18,0,50835,0,9949.5,'2020-06-13 11:33:07',100,42504),(113,1,87,113,8,0,44294,0,109.8,'2020-06-13 11:33:07',300,13331),(114,1,88,124,17,0,14965,0,1141.6,'2020-06-13 11:33:07',300,34142),(115,1,89,131,17,0,37941,3,226.1,'2020-06-13 11:33:07',300,25718),(116,1,90,190,18,0,40813,2,500,'2020-06-13 11:33:07',80,21163),(117,1,91,42,7,0,36243,0,312.2,'2020-06-13 11:33:07',300,23665),(118,1,92,116,1,0,12,2,398.5,'2020-06-13 11:33:07',450,23665),(119,2,92,8,1,0,19,2,1526.9,'2020-06-13 11:33:07',120,23665),(120,1,93,124,7,0,338,3,1141.6,'2020-06-13 11:33:07',150,23665),(121,2,93,13,18,0,28864,3,904.5,'2020-06-13 11:33:07',150,23665),(122,1,115,131,8,0,389,4,43.2,'2020-06-13 07:38:59',150,3606),(123,1,116,9,12,0,336,3,37.3,'2020-06-13 07:40:00',190,4666),(124,1,117,124,14,0,338,4,37.6,'2020-06-13 13:15:21',150,5414),(125,1,118,134,12,0,88,4,9.8,'2020-06-13 13:19:57',150,1326),(126,1,119,134,12,0,88,0,9.8,'2020-06-13 13:21:18',0,1176),(127,1,120,134,12,0,88,3,9.8,'2020-06-13 13:22:34',285,1461),(128,2,120,124,15,0,338,5,37.6,'2020-06-13 13:22:34',300,5940),(129,1,121,9,20,0,336,3,37.3,'2020-06-13 13:26:03',0,7460),(130,1,122,9,15,0,336,4,37.3,'2020-06-13 13:31:46',0,5595),(131,1,123,137,1,0,253,0,28.1,'2020-06-13 15:59:24',0,281),(132,1,124,124,1,0,338,3,37.6,'2020-06-13 16:15:54',190,566),(133,1,125,173,17,0,449,3,49.9,'2020-06-13 16:49:43',285,8768),(134,1,126,115,13,0,389,3,43.2,'2020-06-14 06:36:03',0,5616),(135,1,127,14,1,0,125,2,13.9,'2020-06-14 13:23:19',330,469),(136,1,128,8,1,0,562,4,62.4,'2020-06-14 13:46:52',150,774),(137,1,129,9,17,0,336,3,37.3,'2020-06-14 13:47:14',285,6626),(138,1,130,134,9,0,88,0,9.8,'2020-06-14 13:51:49',0,882),(139,1,131,134,1,0,88,3,9.8,'2020-06-15 08:22:45',285,383),(140,1,132,54,3,0,557,3,61.9,'2020-06-17 07:05:33',285,2142),(141,2,132,78,17,0,237,4,26.3,'2020-06-17 07:05:33',150,4621);
/*!40000 ALTER TABLE `oder_detail` ENABLE KEYS */;
UNLOCK TABLES;

--
-- Table structure for table `partner_delivery`
--

DROP TABLE IF EXISTS `partner_delivery`;
/*!40101 SET @saved_cs_client     = @@character_set_client */;
 SET character_set_client = utf8mb4 ;
CREATE TABLE `partner_delivery` (
  `id_partner_delivery` int(11) NOT NULL AUTO_INCREMENT,
  `name` varchar(45) NOT NULL,
  `shipping_fee` int(11) NOT NULL,
  PRIMARY KEY (`id_partner_delivery`)
) ENGINE=InnoDB AUTO_INCREMENT=6 DEFAULT CHARSET=utf8mb4 COLLATE=utf8mb4_0900_ai_ci;
/*!40101 SET character_set_client = @saved_cs_client */;

--
-- Dumping data for table `partner_delivery`
--

LOCK TABLES `partner_delivery` WRITE;
/*!40000 ALTER TABLE `partner_delivery` DISABLE KEYS */;
INSERT INTO `partner_delivery` VALUES (0,'Nhận hàng tại tiệm sách',0),(1,'Viettel Post',105),(2,'Grab',110),(3,'Aha move',95),(4,'Fast delivery',50),(5,'GoViet',100);
/*!40000 ALTER TABLE `partner_delivery` ENABLE KEYS */;
UNLOCK TABLES;

--
-- Table structure for table `product`
--

DROP TABLE IF EXISTS `product`;
/*!40101 SET @saved_cs_client     = @@character_set_client */;
 SET character_set_client = utf8mb4 ;
CREATE TABLE `product` (
  `id_product` int(11) NOT NULL AUTO_INCREMENT,
  `id_category_branch` int(11) NOT NULL,
  `name` longtext CHARACTER SET utf8mb4 COLLATE utf8mb4_unicode_ci NOT NULL,
  `description` longtext CHARACTER SET utf8mb4 COLLATE utf8mb4_unicode_ci NOT NULL,
  `image` varchar(100) CHARACTER SET utf8mb4 COLLATE utf8mb4_unicode_ci NOT NULL,
  `amount` int(11) NOT NULL,
  `price` int(11) NOT NULL,
  `isactive` tinyint(4) NOT NULL DEFAULT '1',
  `rate` double DEFAULT '0',
  `ratequantity` int(11) DEFAULT '0',
  `market_price` int(11) NOT NULL,
  `page` int(11) DEFAULT NULL,
  `sku` longtext CHARACTER SET utf8mb4 COLLATE utf8mb4_unicode_ci NOT NULL,
  `turnover` int(11) NOT NULL,
  `author` mediumtext COLLATE utf8mb4_unicode_ci,
  `publisher` mediumtext COLLATE utf8mb4_unicode_ci,
  PRIMARY KEY (`id_product`),
  KEY `id_category_branch` (`id_category_branch`),
  CONSTRAINT `product_ibfk_1` FOREIGN KEY (`id_category_branch`) REFERENCES `category_branch` (`id_category_branch`)
) ENGINE=InnoDB AUTO_INCREMENT=203 DEFAULT CHARSET=utf8mb4 COLLATE=utf8mb4_unicode_ci;
/*!40101 SET character_set_client = @saved_cs_client */;

--
-- Dumping data for table `product`
--

LOCK TABLES `product` WRITE;
/*!40000 ALTER TABLE `product` DISABLE KEYS */;
INSERT INTO `product` VALUES (1,1,'Trưởng Thành Cùng Thỏ Bunny - Thỏ Bunny Và Thế Giới Màu Sắc','Bộ truyện Trưởng thành cùng thỏ Bunny của tác giả  Lisa McCue viết về chú thỏ Bunny vui vẻ, thân thiện và sông chan hòa với động vật trong khu rừng. Bộ truyện tranh thỏ Bunny gồm 3 tập: Thỏ Bunny và chú chó nhỏ, Thỏ Bunny và thế giới màu sắc, Thỏ Bunny và dàn nhạc giao hưởng. Đây là những câu chuyện kể về hành trình của chú thỏ Bunny. Trong tập Thỏ Bunny và thế giới màu sắc, thỏ Bunny với bộ lông trắng và màu nâu nhạt ,chú muốn mình có bộ lông của mùa xuân, trên hành trình biến đổi màu sắc của mình chú đã nhìn thấy rất nhiều màu sắc: màu vàng rực rỡ của bông hoa, màu xanh lá của chú ếch và màu xanh da trời tươi sáng của quả việt quất hoặc màu  đỏ nổi bật của chú bọ dừa.Cuối cùng chú nhìn thấy một bác cú với bộ lông có màu sắc giống hết mình. Không biết thỏ Bunny có thể biến đổi màu sắc của mình như thế nào. Mời các bạn đón đọc truyện để khám phá hành trình này nhé!','1.jpg',187,3166,0,8.4,24036,8137,89,'8936036777698',8525,'J. K. Rowling','Nhà xuất bản giáo dục'),(2,1,'Trưởng Thành Cùng Thỏ Bunny - Thỏ Bunny Và Dàn Nhạc Giao Hưởng','Bộ truyện Trưởng thành cùng thỏ Bunny của tác giả Lisa McCue viết về chú thỏ Bunny vui vẻ, thân thiện và sông chan hòa với động vật trong khu rừng. Bộ truyện tranh thỏ Bunny gồm 3 tập: Thỏ Bunny và chú chó nhỏ, Thỏ Bunny và thế giới màu sắc, Thỏ Bunny và dàn nhạc giao hưởng. Đây là những câu chuyện kể về hành trình của chú thỏ Bunny. Trong tập Thỏ Bunny và chú chỏ nhỏ, vào một sáng mùa đông thỏ Bunny đi tìm một người bạn để chơi cùng. Nhưng chú gấu đã ngủ đông và những chú vịt đã bơi về phía Nam để tránh rét. Cô đơn và không có ai chơi cùng, đột nhiên có một chú chó nhỏ từ trang trại tới, thỏ Bunny nhận ra sự khác biệt giữa mình và chủ chó và băn khoăn không biết có thể chơi cùng không? Khi bác cú chỉ bảo rằng : \"Động vật nuôi ở trang trại và đông vật sống trong rừng không giống nhau nhưng vẫn có thể làm bạn\". Liệu thỏ Bunny và chú chỏ nhỏ có thể trở thành bạn thân hay không?','2.jpg',514,388,0,4.55,19718,18209,89,'8936036561716',2221,'J. K. Rowling','Nhà xuất bản giáo dục'),(3,1,'Trưởng Thành Cùng Thỏ Bunny - Thỏ Bunny Và Chú Chó Nhỏ','Bộ truyện Trưởng thành cùng thỏ Bunny của tác giả Lisa McCue viết về chú thỏ Bunny vui vẻ, thân thiện và sông chan hòa với động vật trong khu rừng. Bộ truyện tranh thỏ Bunny gồm 3 tập: Thỏ Bunny và chú chó nhỏ, Thỏ Bunny và thế giới màu sắc, Thỏ Bunny và dàn nhạc giao hưởng. Đây là những câu chuyện kể về hành trình của chú thỏ Bunny. Trong tập Thỏ Bunny và chú chỏ nhỏ, vào một sáng mùa đông thỏ Bunny đi tìm một người bạn để chơi cùng. Nhưng chú gấu đã ngủ đông và những chú vịt đã bơi về phía Nam để tránh rét. Cô đơn và không có ai chơi cùng, đột nhiên có một chú chó nhỏ từ trang trại tới, thỏ Bunny nhận ra sự khác biệt giữa mình và chủ chó và băn khoăn không biết có thể chơi cùng không? Khi bác cú chỉ bảo rằng : \"Động vật nuôi ở trang trại và đông vật sống trong rừng không giống nhau nhưng vẫn có thể làm bạn\". Liệu thỏ Bunny và chú chỏ nhỏ có thể trở thành bạn thân hay không?','3.jpg',8,346,1,5.54,1480,6635,70,'8936036475486',9014,'J. K. Rowling','Nhà xuất bản giáo dục'),(4,1,'Bách Khoa Toàn Thư Cho Bé - Rèn Luyện Sự Kiên Trì (Bộ 10 Cuốn)','Bách Khoa Toàn Thư Cho Bé - Rèn Luyện Sự Kiên Trì gồm 10 câu chuyện, với những hình ảnh minh hoạ sinh động, màu sắc bắt mắt sẽ tạo cho bé có những giây phút vừa học vừa chơi thật sinh động và thoải mái. Bộ sách có nội dung kiến thức mà bé từ 2 - 3 tuổi cần được biết, cần được học, cần tập luyện… đồng thời, bộ bách được sắp xếp một cách khoa học căn cứ theo đặc điểm của từng độ tuổi. 10 câu chuyện trong bộ sách gồm: Khỉ con và bác trâu. Cún con tiếp.khách. Những ngôi sao biển. Thỏ con đi hái nấm. Kiến con biết bay. Tí ta tí tách. Ốc sên đưa thư. Cừu con đi cắt tóc. Nhím con xù lông. Gấu hái dưa hấu.','4.jpg',495,565,1,4.06,23245,18549,61,'8936036692282',3180,'J. K. Rowling','Nhà xuất bản giáo dục'),(5,1,'Bách Khoa Toàn Thư Cho Bé - Rèn Luyện Tình Đoàn Kết (Bộ 10 Cuốn)','Bách Khoa Toàn Thư Cho Bé - Rèn Luyện Tính Cách gồm 10 câu chuyện, với những hình ảnh minh họa sinh động, màu sắc bắt mắt sẽ tạo cho bé có những giây phút vừa học vừa chơi thật thú vị và thoải mái. Bộ sách có nội dung kiến thức mà bé từ 2 - 3 tuổi cần được biết, cần được học, cần tập luyện... đồng thời, bộ Bách Khoa Toàn Thư Cho Bé được sắp xếp một cách khoa học căn cứ theo đặc điểm của từng độ tuổi. Thông qua những câu chuyện về các loài động vật, khả năng tư duy và phát triển ngôn ngữ, sự phát triển não bộ của bé sẽ được kích thích. Bách Khoa Toàn Thư Cho Bé - Rèn Luyện Tính Cách gồm các tập: Khủng.long lười biếng. Thỏ con hay xấu hổ. Sóc con nhút nhát. Chú quạ ưa nịnh. Vịt con thiếu kiên nhẫn. Nhím con hiếu thắng. Chuột chũi nhát gan. Bong bóng vỡ rồi. Thỏ và rùa thi chạy. Khỉ con bướng bỉnh.','5.jpg',453,384,1,2.68,11788,12837,79,'8936036034953',597,'J. K. Rowling','Nhà xuất bản giáo dục'),(6,1,'Bách Khoa Toàn Thư Cho Bé - Rèn Luyện Kỹ Năng (Bộ 10 Cuốn)','Bách Khoa Toàn Thư Cho Bé - Rèn Luyện Kỹ Năng gồm 10 cuốn giúp bé.hình thành những thói quen và phẩm chất tốt. Qua các câu chuyện, bố mẹ có thể hướng dẫn trẻ rút ra những kỹ năng sống cần thiết như: nhận thức giá trị của đồng tiền và biết cách tiêu tiền vào những việc có ý nghĩa, có ý thức bảo vệ môi trường, tiết kiệm từng giọt nước, bảo vệ từng cành cây, ngọn cỏ, không phá hoại của công, biết tự làm những công việc hàng ngày chứ không ỷ lại hoàn toàn vào cha mẹ, cẩn thận khi đi ra phố, quan sát xung quanh tránh những nguy hiểm đáng tiếc có thể xảy ra. Nội dung trong sáng, ngôn từ giản dị, dễ hiểu cùng nhiều hình vẽ minh họa sinh động, hấp dẫn sẽ cho bé thật nhiều bài học bổ ích.','6.jpg',777,227,1,9.24,14202,8537,69,'8936036097918',5189,'J. K. Rowling','Nhà xuất bản giáo dục'),(7,1,'Bách Khoa Toàn Thư Cho Bé - Nhận Biết (Bộ 10 Cuốn)','Bộ sách gồm 10 tập truyện nhỏ được xếp thành vòng xâu xinh xắn, bộ sách gồm những câu chuyện dễ đọc, dễ hiểu nhưng đầy ý nghĩa: Nhân vật. Hình dạng. Màu sắc. Hoa quả. Động vật. Chữ số. Rau xanh. Thực vật. Phương tiện giao thông. Đồ dùng hàng ngày. Sách dành cho trẻ từ 0 - 3 tuổi. 10 cuốn là 10 chủ đề giúp bé khám phá thế giới xung quanh, nâng cao khả năng học hỏi, nhận biết. Đặc biệt, bộ sách được biên soạn song ngữ Anh - Việt giúp bé làm.quen với tiếng Anh, nâng cao khả năng ngôn ngữ. Bên cạnh đó, bộ sách còn cung cấp cho bố mẹ các gợi ý tuyệt vời về cách bày trò chơi cho bé để bé phát triển tối đa khả năng của mình ở giai đoạn có thể nói là quan trọng nhất trong quá trình phát triển của bé.','7.jpg',527,681,1,1.17,10648,4176,89,'8936036384733',669,'J. K. Rowling','Nhà xuất bản giáo dục'),(8,2,'Những Câu Chuyện Hình Thành Phẩm Chất Tốt','3 - 6 tuổi là giai đoạn vỡ lòng trong quá trình phát triển trí tuệ của trẻ nhỏ, là giai đoạn vàng để kích thích sự phát triển những khả năng tiềm tàng trong bé. Bộ sách Bé Học Điều Hay là sự lựa chọn không thể thiếu của các bậc cha mẹ. 4 tập truyện nhỏ là một hệ thống tri thức hoàn chỉnh, toàn diện, giúp trẻ phát triển lành mạnh về cả tâm hồn và trí tuệ. Những gợi ý tinh tế từ các chuyên gia giáo dục là trợ giúp hữu ích để các bậc cha mẹ hướng dẫn con mình đọc hiểu và suy ngẫm.Đối tượng của tập sách là các học sinh mẫu giáo và lớp một tiểu học và cũng để cha mẹ các em cùng đọc. Nội dung và ngôn từ trong sách đã được chọn lựa cẩn thận và cân nhắc rất kỹ trên cơ sở đặc điểm đọc sách và khả năng tiếp thu của trẻ em hiện nay, những tác phẩm tương đối dài hoặc ngụ ý quá sâu đều không được đưa vào. Để tiện cho các bậc cha mẹ hướng dẫn con đọc, mỗi tác phẩm đều có gợi ý ở cuối và minh họa bằng những bức tranh sinh động. Trong quá trình đọc, cha mẹ cũng nên cùng đọc với con cái để gợi ý và hướng dẫn các bé những bài học rút ra từ mỗi truyện.','8.jpg',301,624,0,4.13,10634,15269,98,'8936036629911',11264,'J. K. Rowling','Nhà xuất bản giáo dục'),(9,2,'Những Câu Chuyện Hình Thành Thói Quen Tốt Cho Trẻ','3 - 6 tuổi là giai đoạn vỡ lòng trong quá trình phát triển trí tuệ của trẻ nhỏ, là giai đoạn vàng để kích thích sự phát triển những khả năng tiềm tàng trong bé. Bộ sách Bé Học Điều Hay là sự lựa chọn không thể thiếu của các bậc cha mẹ. 4 tập truyện nhỏ là một hệ thống tri thức hoàn chỉnh, toàn diện, giúp trẻ phát triển lành mạnh về cả tâm hồn và trí tuệ. Những gợi ý tinh tế từ các chuyên gia giáo dục là trợ giúp hữu ích để các bậc cha mẹ hướng dẫn con mình đọc hiểu và suy ngẫm.Đối tượng của tập sách là các học sinh mẫu giáo và lớp một tiểu học và cũng để cha mẹ các em cùng đọc. Nội dung và ngôn từ trong sách đã được chọn lựa cẩn thận và cân nhắc rất kỹ trên cơ sở đặc điểm đọc sách và khả năng tiếp thu của trẻ em hiện nay, những tác phẩm tương đối dài hoặc ngụ ý quá sâu đều không được đưa vào. Để tiện cho các bậc cha mẹ hướng dẫn con đọc, mỗi tác phẩm đều có gợi ý ở cuối và minh họa bằng những bức tranh sinh động. Trong quá trình đọc, cha mẹ cũng nên cùng đọc với con cái để gợi ý và hướng dẫn các bé những bài học rút ra từ mỗi truyện.','9.jpg',925,373,0,7.12,21225,3816,82,'8936036995358',7337,'J. K. Rowling','Nhà xuất bản giáo dục'),(10,2,'Những Câu Chuyện Rèn Luyện Tính Cách','3 - 6 tuổi là giai đoạn vỡ lòng trong quá trình phát triển trí tuệ của trẻ nhỏ, là giai đoạn vàng để kích thích sự phát triển những khả năng tiềm tàng trong bé. Bộ sách Bé Học Điều Hay là sự lựa chọn không thể thiếu của các bậc cha mẹ. 4 tập truyện nhỏ là một hệ thống tri thức hoàn chỉnh, toàn diện, giúp trẻ phát triển lành mạnh về cả tâm hồn và trí tuệ. Những gợi ý tinh tế từ các chuyên gia giáo dục là trợ giúp hữu ích để các bậc cha mẹ hướng dẫn con mình đọc hiểu và suy ngẫm.Đối tượng của tập sách là các học sinh mẫu giáo và lớp một tiểu học và cũng để cha mẹ các em cùng đọc. Nội dung và ngôn từ trong sách đã được chọn lựa cẩn thận và cân nhắc rất kỹ trên cơ sở đặc điểm đọc sách và khả năng tiếp thu của trẻ em hiện nay, những tác phẩm tương đối dài hoặc ngụ ý quá sâu đều không được đưa vào. Để tiện cho các bậc cha mẹ hướng dẫn con đọc, mỗi tác phẩm đều có gợi ý ở cuối và minh họa bằng những bức tranh sinh động. Trong quá trình đọc, cha mẹ cũng nên cùng đọc với con cái để gợi ý và hướng dẫn các bé những bài học rút ra từ mỗi truyện.','10.jpg',721,694,1,4.24,24223,13273,97,'8936036087057',2896,'J. K. Rowling','Nhà xuất bản giáo dục'),(11,2,'Những Câu Chuyện Trái Tim Nhân Hậu','3 - 6 tuổi là giai đoạn vỡ lòng trong quá trình phát triển trí tuệ của trẻ nhỏ, là giai đoạn vàng để kích thích sự phát triển những khả năng tiềm tàng trong bé. Bộ sách Bé Học Điều Hay là sự lựa chọn không thể thiếu của các bậc cha mẹ. 4 tập truyện nhỏ là một hệ thống tri thức hoàn chỉnh, toàn diện, giúp trẻ phát triển lành mạnh về cả tâm hồn và trí tuệ. Những gợi ý tinh tế từ các chuyên gia giáo dục là trợ giúp hữu ích để các bậc cha mẹ hướng dẫn con mình đọc hiểu và suy ngẫm.Đối tượng của tập sách là các học sinh mẫu giáo và lớp một tiểu học và cũng để cha mẹ các em cùng đọc. Nội dung và ngôn từ trong sách đã được chọn lựa cẩn thận và cân nhắc rất kỹ trên cơ sở đặc điểm đọc sách và khả năng tiếp thu của trẻ em hiện nay, những tác phẩm tương đối dài hoặc ngụ ý quá sâu đều không được đưa vào. Để tiện cho các bậc cha mẹ hướng dẫn con đọc, mỗi tác phẩm đều có gợi ý ở cuối và minh họa bằng những bức tranh sinh động. Trong quá trình đọc, cha mẹ cũng nên cùng đọc với con cái để gợi ý và hướng dẫn các bé những bài học rút ra từ mỗi truyện.','11.jpg',830,248,1,7.85,7444,14916,60,'8936036449210',4209,'J. K. Rowling','Nhà xuất bản giáo dục'),(12,3,'Angrybirds Comics - Ba Chú Lợn Con','Nội dung chính của bộ truyện tranh comic Angry Birds vẫn xoay quanh chủ đề cuộc chiến của đàn chim và vương quốc lợn. Những chú chim đáng yêu sẵn sàng làm tất cả để bảo về số trứng của mình. Còn vương quốc lợn lúc nào cũng muốn gây chiến để cướp số trứng đó, nhưng lũ lợn lại vô cùng ngốc ngếch, chúng đều tự mắc phải những cái bẫy do chính mình đặt ra. Từ những tình huống gây cười vô cùng hấp dẫn như vậy, bộ truyện tranh comic Angry Birds vừa mang tính giải trí cao, mà vẫn ẩn chứa những bài học về sự trung thành, lòng dũng cảm, tinh thần đoàn kết. Xác định đối tượng chính là những độc giả nhỏ tuổi, ngôn ngữ được sử dụng trong bộ truyện vô cùng đơn giản và dễ hiểu. Bên cạnh những tình huống gây cười hấp dẫn, mang tính giải trí cao, bộ truyện tranh Angry Birds vẫn ẩn chứa những bài học về sự trung thành, lòng dũng cảm, tinh thần đoàn kết. Sách được in màu, cỡ chữ to, với hình ảnh nhân vật theo định dạng 3D sống động và đẹp mắt. Bộ truyện hứa hẹn mang đến cho những fan hâm mộ Angry Birds những phút giây đầy vui nhộn và hứng khởi. ','12.jpg',986,557,1,7.51,14546,14758,70,'8936036984878',614,'J. K. Rowling','Nhà xuất bản giáo dục'),(13,3,'Barbie - Bữa Tiệc Thú Vị - Chiếc Răng Lung Lay','Tập sách là truyện tranh in màu kể về hai câu chuyện của Barbie: Bữa tiệc thú vị và Chiếc răng lung lay. Đặc biệt, tập sách còn tặng kèm 30 hình dán barbie vô cùng đáng yêu.','13.jpg',438,32071,0,4.04,402,9045,71,'8936036576764',2185,'J. K. Rowling','Nhà xuất bản giáo dục'),(14,3,'Candy Book - Bí Mật Học Đường','Candybook hiện là bộ truyện tranh Hàn Quốc được ưa thích nhất dành cho lứa tuổi học trò tại khắp các quốc gia châu Á như: Hàn Quốc, Nhật Bản, Indonesia, Malaysia…. Được sáng tác bởi đội ngũ họa sỹ, nhà văn trẻ nổi tiếng của Hàn Quốc, bộ truyện đã gây được tiếng vang ngay khi mới phát hành và nhanh chóng trở thành bộ truyện yêu thích và săn đón của các em nhỏ. Lần đầu tiên có mặt tại Việt Nam, Bộ truyện tranh Candybook với hình ảnh đẹp, nội dung hấp dẫn mang đến cả thế giới sắc màu ngọt ngào hứa hẹn sẽ gây sốt cho lứa tuổi học trò Việt. Bộ truyện gồm nhiều tập trong đó mỗi tập là một câu chuyện với hệ thống nhân vật và nội dung độc lập. Các nhân vật trong bộ truyện là những cô cậu học trò tinh nghịch, hồn nhiên, nhiều mộng mơ và sáng tạo. Từ những câu chuyện ở trường, những tình cảm học trò hồn nhiên trong sáng hay những xích mích nhỏ giữa các nhân vật, các em nhỏ sẽ hiểu hơn về tình bạn, tình cảm chớm nở của lứa tuổi học trò, những giá trị cuộc sống tốt đẹp. Đặc biệt, các bộ truyện được phát hành tại Việt Nam sẽ được cập nhật song song cùng thời điểm các bộ truyện vừa ra mắt “nóng hổi” tại Hàn Quốc. Teen Việt Nam sẽ được trải nghiệm cảm giác hồi hộp, thú vị khi cùng các bạn teen nhiều nước trên Thế giới đón chờ những tập truyện mới nhất, những chủ đề, những nhân vật sắp được ra mắt.','14.jpg',231,139,0,5.65,8368,949,71,'8936036929185',9083,'J. K. Rowling','Nhà xuất bản giáo dục'),(15,3,'Cô Bé Bánh Dâu - Bé Tập Làm Nhà Thiết Kế: Thiết Kế Hạnh Phúc','Bộ sách gồm: Những hình tượng nhận vật được các bé gái yêu thích nhất. Hình tham khảo + Phát huy trí tưởng tượng + Khéo tay tô màu, vẽ hình = Tác phẩm tuyệt vời! Vẽ khung + Tô màu + Điểm xuyết các chi tiết = Bộ váy xinh xắn! Miếng dán hình + Trí tưởng tượng phong phú = Bức tranh hoàn hảo! Trong cánh đồng dâu tây xanh tốt có một vùng đất Dâu Tây xinh đẹp. Ở đó có sáu cô bé đáng yêu luôn vui vẻ, lạc quan và tràn đầy sức sống. Sáu cô bé đó tên là: Bánh Dâu, Bánh Việt Quất, Bánh Chanh, Bánh Mâm Xôi, Bánh Mận và Bánh Cam. Sáu cô bé đó mang niềm vui đến mọi nơi trên vùng đất Dâu Tây. Bạn có muốn trở thành nhà thiết kế tài năng trong vùng đất Dâu Tây kì diệu như cổ tích không? Vậy bạn hãy cầm bút cùng các cô bé Quả Mọng tô màu và vẽ hình nha!','15.jpg',839,166,1,6.13,15636,17608,92,'8936036915633',3629,'J. K. Rowling','Nhà xuất bản giáo dục'),(16,4,'Bồi Dưỡng Nhân Cách Cho Trẻ - Chia Sẻ Ngọt Ngào','\"Một nhân cách tốt sẽ theo trẻ suốt cuộc đời. Bồi dưỡng nhân cách bắt đầu từ những điều nhỏ nhặt trong cuộc sống. Hãy để những câu chuyện trong sách đồng hành cùng trẻ trưởng thành.\" Trong mỗi cuốn của bộ sách bao gồm 2-3 câu chuyện thú vị diễn ra giữa nhóm các nhân vật đáng yêu gồm gấu Pooh, lừa Eeyore, thỏ Rabbit, hổ Tigger, chuột túi con Roo, chuột túi mẹ Kanga và bác cú Owl trong khu rừng Trăm Mẫu. Mỗi câu chuyện sẽ là một bài học nhẹ nhàng nhưng vô cùng sâu sắc và thấm thía.','16.jpg',500,411,1,3.69,3077,5192,66,'8936036790612',2639,'J. K. Rowling','Nhà xuất bản giáo dục'),(17,4,'Cùng Bố Mẹ Đọc Sách Bé Nghĩ Lời Kết - Cảm Ơn Ai','Trong bộ sách này, các câu chuyện đều được bỏ ngỏ lời kết. Các em sau khi cùng bố mẹ đọc sách lựa chọn một trong ba lời kết gợi ý theo cách cảm nhận của mình, rồi viết lại thành lời kết của riêng các em. Cách làm này giúp các em tương tác với sách, qua đó quen dần với kiểu tư duy độc lập, phản biện. Bộ sách này sẽ góp một phần nhỏ vào việc bồi dưỡng khả năng cảm thụ văn học của các em, giúp các em phát triển tư duy và nhận thức một cách toàn diện.','17.jpg',983,159,1,8.09,18476,13136,73,'8936036206160',2309,'J. K. Rowling','Nhà xuất bản giáo dục'),(18,4,'Rèn luyện Kỹ Năng Sống cho trẻ - Ám hiệu bí mật của nhà em','Bộ sách Rèn Luyện Kỹ Năng Sống Cho Trẻ đề cập tới 60 tình huống an toàn và được chia thành 6 tập chính gồm các chủ đề: An toàn thân thể, an toàn ngoài xã hội, an toàn khi vui chơi, an toàn ở môi trường bên ngoài, an toàn trong cuộc sống, an toàn khi gặp thiên tai. Trong mỗi tập, các bậc phụ huynh sẽ thấy những trường hợp có thể xảy ra thường xuyên gây nguy hiểm cho con trẻ như: nghịch lửa, sờ tay vào điện, mở cửa cho người lạ vào nhà, bị kẹt trong thang máy… Tình huống của những câu chuyện đều được lấy từ các bản điều tra của bạn đọc khắp nơi, trong cuộc sống thực tế. Với lối kể chuyện sinh động, hướng dẫn cách tự bảo vệ sau mỗi câu chuyện, hình vẽ tinh tế và đặc biệt là sự xuất hiện của ba nhân vật chính là Chuột Túi, Gà Mào Đỏ, Ếch Con, bộ sách đã chọn cách giáo dục nhẹ nhàng và dễ hiểu để trẻ học cách tự bảo vệ bản thân.','18.jpg',416,16354,1,1.36,8152,10103,81,'8936036658967',3627,'J. K. Rowling','Nhà xuất bản giáo dục'),(19,4,'Rèn luyện Kỹ Năng Sống cho trẻ - Búp bê rơi trên đường','Bộ sách Rèn Luyện Kỹ Năng Sống Cho Trẻ đề cập tới 60 tình huống an toàn và được chia thành 6 tập chính gồm các chủ đề: An toàn thân thể, an toàn ngoài xã hội, an toàn khi vui chơi, an toàn ở môi trường bên ngoài, an toàn trong cuộc sống, an toàn khi gặp thiên tai. Trong mỗi tập, các bậc phụ huynh sẽ thấy những trường hợp có thể xảy ra thường xuyên gây nguy hiểm cho con trẻ như: nghịch lửa, sờ tay vào điện, mở cửa cho người lạ vào nhà, bị kẹt trong thang máy…  Tình huống của những câu chuyện đều được lấy từ các bản điều tra của bạn đọc khắp nơi, trong cuộc sống thực tế. Với lối kể chuyện sinh động, hướng dẫn cách tự bảo vệ sau mỗi câu chuyện, hình vẽ tinh tế và đặc biệt là sự xuất hiện của ba nhân vật chính là Chuột Túi, Gà Mào Đỏ, Ếch Con, bộ sách đã chọn cách giáo dục nhẹ nhàng và dễ hiểu để trẻ học cách tự bảo vệ bản thân.','19.jpg',129,111,1,8.56,10330,11108,66,'8936036676355',11208,'J. K. Rowling','Nhà xuất bản giáo dục'),(20,5,'Bé Tự Tin Bước Vào Lớp 1 - Cùng Bé Học Toán (Dành Cho Bé Từ 5 - 6 Tuổi) - Tập 2','Từ mẫu giáo lên tiểu học là bước tiến quan trọng để bé bước chân vào thế giới tri thức, cũng là một bước ngoặt lớn trong cuộc đời các bé. Làm thế nào để phụ huynh và giáo viên giúp đỡ các bé vượt qua thời kì quan trọng này? Xuất phát từ mục đích này chúng tôi đã nghiên cứu, căn cứ vào những đặc điểm tâm lí và học tập của trẻ để hoàn thiện bộ sách “Bé Tự Tin Bước Vào Lớp 1” này. Nội dung mỗi cuốn sách giúp bé rèn luyện những kĩ năng khác nhau như làm quen với chữ số, chữ cái, ghép vần, học đọc, học đếm… Với kiến thức mới mẻ, hình vẽ sinh động sẽ khiến trẻ cảm thấy hứng thú và học tập dễ dàng hơn.','20.jpg',395,482,0,1.71,2193,5232,61,'8936036404873',9928,'J. K. Rowling','Nhà xuất bản giáo dục'),(21,5,'Giờ Học Tô Màu Của Bé','Bộ sách rực rỡ sắc màu này đem lại những \"giờ học\" vui vẻ cho các độc giả nhí, giúp các bé làm quen với màu sắc, phát triển kĩ năng điều khiển ngón tay và phối hợp nhịp nhàng giữa tay và mắt. Đây là những kĩ năng cần thiết giúp bé học cách cầm bút. Cách tiếp cận theo chủ đề khiến bộ sách không chỉ là sách tô màu mà còn cung cấp cho bé những khái niệm đầu tiên, giúp bé phát triển từ vựng, hình thành kĩ năng nhận biết tranh ảnh và chữ viết. Đặc biệt, bên cạnh các hình vẽ còn có thêm chú thích bằng tiếng Anh và tiếng Việt giúp bé làm quen với tiếng Anh và nâng cao vốn từ. Hy vọng bộ sách sẽ đem lại cho bé những giờ vui chơi thú vị.  ','21.jpg',588,678,0,8.87,4974,12833,88,'8936036995303',4274,'J. K. Rowling','Nhà xuất bản giáo dục'),(22,5,'Tô màu thú vị','Với những hình vẽ rõ ràng và tươi sáng, bộ sách \"Tô màu thú vị\" gồm những cuốn sách tập tô đơn giản nhưng kì diệu để các bé làm quen với tô màu, giúp phối hợp tay-mắt, chuẩn bị cho kỹ năng cầm bút sau này. \"Tô màu thú vị\" sẽ đem đến cho các bé những giờ vui chơi và học tập bổ ích.','22.jpg',752,540,1,2.25,18290,8469,77,'8936036761894',3327,'J. K. Rowling','Nhà xuất bản giáo dục'),(23,5,'Combo Mỗi Em Bé Là Một Thiên Tài (4 cuốn)','Combo Mỗi Em Bé Là Một Thiên Tài là bộ sách gồm 4 tập dành cho bé từ 1 đến 6 tuổi nhằm phát triển toàn diện sáu kĩ năng: ngôn ngữ, trí nhớ, đọc hiểu, tư duy, sáng tạo và giải quyết vấn đề. Thời kỳ trẻ từ 1 đến 6 tuổi là giai đoạn trẻ phát triển nhất về thể chất và trí tuệ, bỏ qua một năm thì không thể lấy lại được. Do đó, việc tạo ra một sự dẫn dắt đúng hướng và rèn luyện chuyên nghiệp cho trẻ là nhiệm vụ vô cùng quan trọng của các bậc cha mẹ. Bộ sách là một phương án bồi dưỡng khoa học và hiệu quả, có thể phát triển tiềm năng và ưu thế của trẻ một cách tốt nhất, và mang lại nhiều bất ngờ cho các bậc cha mẹ khi cùng con mình khôn lớn từng ngày! Bộ sách lấy cơ sở từ lý thuyết \"đa thông minh\", nhằm vào đối tượng là trẻ em từ 1 đến 6 tuổi, để tạo ra những bài học và luyện tập tốt nhất nhằm phát triển khả năng của các em. Mỗi bài học trong bộ sách đều tương ứng với một lứa tuổi khác nhau, sử dụng những tư liệu giáo dục đa dạng, để kết hợp và tạo ra những tác dụng tốt nhằm phát triển mạnh nhất các tiềm năng của trẻ, giúp các bé có thể đạt được \"phong độ\" và ưu thế tốt nhất về trí tuệ của mình, giúp trẻ khắc phục các điểm yếu và phát huy điểm mạnh. Bộ sách mang lại cho các bậc cha mẹ yêu con một \"bảo thư\" để phát triển trí lực, khai phá tiềm năng, mở cửa tương lai cho con trẻ, giúp các bậc phụ huynh từng ngày tìm thấy những điều bất ngờ để nuôi dạy con khôn lớn.','23.jpg',998,668,1,1.61,1530,3845,62,'8936036823563',3815,'J. K. Rowling','Nhà xuất bản giáo dục'),(24,6,'Combo Tô Màu Công Chúa Xinh Đẹp (6 Cuốn)','Bộ Sách Tô Màu Công Chúa Xinh Đẹp Gồm 6 Cuốn: Công Chúa Đáng Yêu. Công Chúa Thiên Sứ. Công Chúa Đoan Trang. Công Chúa Đồng Quê. Công Chúa Thời Trang. Công Chúa Nhạc Pop','24.jpg',733,318,1,9.33,2776,13820,100,'8936036832134',9091,'J. K. Rowling','Nhà xuất bản giáo dục'),(25,6,'Sách Tô Màu Dành Cho Mọi Lứa Tuổi','Trước khi máy ảnh được ra đời, việc vẽ lại một cách tỉ mỉ và chi tiết là cách duy nhất để con người ghi lại hình ảnh của muôn loài. Nhiều bức vẽ đã vượt qua mức độ lưu giữ hình ảnh thông thường mà trở thành những bức tranh nghệ thuật có giá trị. Bộ sách Sách tô màu dành cho mọi lứa tuổi (với những bức tranh tuyệt đẹp có hướng dẫn tô màu) là tập hợp những bức tranh về muôn loài, thực vật, cỏ cây được lấy từ Vườn thực vật Hoàng gia Kew (Anh Quốc) từ thế kỉ 19. Với bộ sách này, bạn đọc có thể tô màu theo các bức tranh mẫu tuyệt đẹp hoặc tự do sáng tạo theo cách của riêng mình. ','25.jpg',668,284,1,4.82,9293,17561,92,'8936036689983',10526,'J. K. Rowling','Nhà xuất bản giáo dục'),(26,6,'Bàn Tay Nhỏ Vẽ Tranh - Thực Vật Phong Phú','Tô màu là hình thức kích thích trí tưởng tượng cũng như hình thành tư duy cho các bé mẫu giáo. Tô màu giúp các bé làm quen với thế giới màu sắc, làm quen với sự vật trong đời sống hằng ngày qua từng trang giấy. Bộ sách Bàn tay nhỏ vẽ tranh giới thiệu với các bé những môi trường khác nhau gắn liền với những sự vật khác nhau giúp các bé làm quen với thế giới xung quanh vô cùng đa dạng. Đó có thể là môi trường dưới nước với những sinh vật biển đáng yêu, môi trường rau củ với những thực phẩm mẹ vẫn nấu cho các bé ăn hằng ngày hay môi trường đồ chơi với nhiều loại đồ chơi xinh đồng hành với các bé mỗi ngày. ','26.jpg',139,465,1,4.13,13137,6348,62,'8936036953510',1870,'J. K. Rowling','Nhà xuất bản giáo dục'),(27,6,'Tô Màu My Little Pony - Jumbo Tô Màu Và Các Trò Chơi 3','Cùng bước vào thế giới diệu kì của những chú ngựa nhỏ và các bạn. Bé hãy sử dụng bút màu cùng với trí tưởng tượng để tạo ra những nhân vật trong My Little Pony theo phong cách của riêng mình.','27.jpg',692,72,1,5.2,12804,19055,92,'8936036697605',1256,'J. K. Rowling','Nhà xuất bản giáo dục'),(28,7,'Bộ Sưu Tập Xe hơi Nổi Tiếng ','Đây là tập hợp những mẫu xe sang trọng, cá tính và thời thượng nhất thế giới. Từ những chiếc Buick động cơ mạnh mẽ, BMW sang trọng, Ferrari thể thao dũng mãnh, đến những mẫu xe đua tốc độ, những kiểu xe đường trường đầy tiện ích... đều có mặt trong bộ sưu tập này. Với hình ảnh sống động, chú thích rõ ràng, những hình đề can màu sắc như thật, cuốn sách chắc chắn sẽ khiến các em đam mê, thích thú.','28.jpg',42,365,1,3.6,24611,16231,97,'8936036627492',670,'J. K. Rowling','Nhà xuất bản giáo dục'),(34,7,'Bộ Trò Chơi Dán Hình 3Q Pooh ','CQ là viết tắt của “Creativity Quotient” thường gọi là chỉ số sáng tạo. Chỉ số này nói lên khả năng đột phá ra khỏi những lối tư duy cũ, những thói quen và quán tính, phát huy cao độ trí tượng tưởng, từ đó sáng tạo ra những cái mới của con người. Lứa tuổi mầm non là giai đoạn nảy ra rất nhiều ý tưởng sáng tạo trong trẻ. Cũng trong thời kì này, năng lực hành vi và ngôn ngữ của trẻ ngày một hoàn thiện, từ đó, trẻ từng bước hình thành thói quen dùng ngôn ngữ, tranh vẽ, cùng các hình thức nghệ thuật khác để biểu đạt khả năng tưởng tượng của mình. Sức sáng tạo tiềm ẩn trong trẻ không ngừng phát triển trong giai đoạn này, thể hiện rõ qua những hình vẽ nguệch ngoạc mà ngộ nghĩnh, những tác phẩm mang đầy tính “trừu tượng”. Bộ Trò Chơi Dán Hình CQ – Phát Huy Sáng Tạo đã dựa theo các phương pháp khoa học về phát huy tính sáng tạo, dùng những trò chơi dán hình được biên soạn tỉ mỉ và công phu để truyền tải và mang đến một sân chơi trí tuệ, đầy sáng tạo cho các bé.','34.jpg',133,207,1,1.39,9644,3989,66,'8936036044649',11326,'J. K. Rowling','Nhà xuất bản giáo dục'),(35,7,'Hello Kitty - Bộ Sưu Tập 1000 Đề Can - Bốn Mùa Yêu Thương','Hello Kitty là nhân vật nổi tiếng trên toàn Thế Giới khi mà nhà nhà, người người đều biết đến hình ảnh một chú mèo đáng yêu, ngộ nghĩnh và quen thuộc với mọi trẻ em. Với Hello Kitty bé sẽ thỏa sức sáng tạo, vui chơi và giải trí với những hình dán lấp lánh, dễ thương và những câu chuyện xoay quanh cuộc sống của Hello Kitty','35.jpg',539,641,1,4.15,24384,11252,61,'8936036340767',7645,'J. K. Rowling','Nhà xuất bản giáo dục'),(36,7,'Hình Dán My Little Pony - Cuộc Thi Gay Cấn','Ai sẽ chiến thắng ở Giải đấu tình bạn: đội Wondercolts của trường phổ thông Canterlot hay kỳ phùng địch thủ của họ là đội Shadowbolts đến từ trường Crystal? Tại sao phép thuật của các cô gái Equestria lại đột ngột thay đổi? Và bạn học sinh trường Crystal có gương mặt giống hệt Twilight Sparkle kia là ai? Bạn hãy đọc cuốn truyện kể lại bộ phim đầy kịch tính này để tìm ra câu trả lời nhé! Sau đó, bạn có thể tái dựng lại những cảnh phim ấn tượng nhất bằng trang gấp toàn cảnh bức tranh và những hình dán có thể dùng nhiều lần.','36.jpg',292,481,1,6.6,17989,4294,88,'8936036569888',4250,'J. K. Rowling','Nhà xuất bản giáo dục'),(37,8,'101 Truyện Cổ Tích Việt Nam & Thế Giới ','Được tập hợp những câu chuyện đặc sắc được tuyển chọn kĩ lưỡng từ kho tàng truyện cổ tích Việt Nam và thế giới. Với những lời kể sinh động, hấp dẫn có chiều sâu, cuốn sách sẽ đưa độc giả bước vào thế giới cổ tích kì diệu. Những câu chuyện cổ tích đã gắn liền với tuổi thơ của các bạn nhỏ được chúng tôi tập hợp và biên soạn thành các tuyển tập truyện cổ tích. Với dung lượng vừa đủ, câu chuyện chọn lọc, bộ truyện là cẩm nang cho các bậc phụ huynh trong việc đọc truyện cho con em mình.','37.jpg',845,484,1,1.56,16795,7711,77,'8936036827138',10055,'J. K. Rowling','Nhà xuất bản giáo dục'),(38,8,'360 Truyện Cổ Tích Chọn Lọc','Được tập hợp những câu chuyện đặc sắc được tuyển chọn kĩ lưỡng từ kho tàng truyện cổ tích Việt Nam và thế giới. Với những lời kể sinh động, hấp dẫn có chiều sâu, cuốn sách sẽ đưa độc giả bước vào thế giới cổ tích kì diệu. Những câu chuyện cổ tích đã gắn liền với tuổi thơ của các bạn nhỏ được chúng tôi tập hợp và biên soạn thành các tuyển tập truyện cổ tích. Với dung lượng vừa đủ, câu chuyện chọn lọc, bộ truyện là cẩm nang cho các bậc phụ huynh trong việc đọc truyện cho con em mình.','38.jpg',345,273,1,5.02,5009,5675,61,'8936036426030',2295,'J. K. Rowling','Nhà xuất bản giáo dục'),(39,8,'Ngày Xửa Ngày Xưa - Ba Chú Lợn Con','Vẫn những câu chuyện cổ tích quen thuộc đã lớn lên cùng hàng trăm thế hệ độc giả, nhưng bộ truyện Cổ tích Ngày xửa ngày xưa với những hình vẽ đặc sắc, sống động sẽ khắc họa cho bạn những nàng công chúa, chàng hoàng tử của thế hệ mới: Vui tươi hơn, sinh động hơn và mạnh mẽ hơn. Không chỉ vậy, mỗi cuốn sách sẽ là sự kết hợp giữa những câu chuyện kể và các trò chơi tương tác, giúp các bạn nhỏ có thể Nhớ lâu, nghĩ nhanh, viết hay. 15 câu chuyện nhỏ giúp mở ra cho chúng ta một thế giới mới - thế giới của những điều đẹp đẽ, ấm áp và nhân văn nhất... ','39.jpg',192,611,1,1.4,24656,5239,93,'8936036648735',4795,'J. K. Rowling','Nhà xuất bản giáo dục'),(40,8,'Truyện Cổ Tích Hay Nhất Về Các Hoàng Tử Và Công Chúa','Được tập hợp những câu chuyện đặc sắc được tuyển chọn kĩ lưỡng từ kho tàng truyện cổ tích Việt Nam và thế giới. Với những lời kể sinh động, hấp dẫn có chiều sâu, cuốn sách sẽ đưa độc giả bước vào thế giới cổ tích kì diệu. Những câu chuyện cổ tích đã gắn liền với tuổi thơ của các bạn nhỏ được chúng tôi tập hợp và biên soạn thành các tuyển tập truyện cổ tích. Với dung lượng vừa đủ, câu chuyện chọn lọc, bộ truyện là cẩm nang cho các bậc phụ huynh trong việc đọc truyện cho con em mình.','40.jpg',923,137,1,8.94,8257,9168,61,'8936036965587',5345,'J. K. Rowling','Nhà xuất bản giáo dục'),(41,9,'Cánh Buồm Đỏ Thắm','Cách Buồm Đỏ Thắm là một câu chuyện lãng mạn dành cho lứa tuổi mới lớn của nhà văn Alexander Grin. Tác phẩm được viết trong sáu năm, từ năm 1916 đến 1922 mới hoàn tất và đã được hãng Mosfilm chuyển thể thành phim năm 1961. ','41.jpg',38,252,1,3.53,17314,10126,87,'8936036881729',599,'J. K. Rowling','Nhà xuất bản giáo dục'),(42,9,'Chuyện Phiêu Lưu Của Tom Sawyer','\"Những cuộc phiêu lưu của Tom Sawyer\" là một tác phẩm tiêu biểu của nhà văn Mĩ - Mark Twain. Truyện miêu tả cuộc sống của cậu bé tom Sawyer tinh nghịch, tốt bụng, luôn mang trong mình tinh thần phản kháng hiện thực bó buộc, hà khắc để hướng tới cuộc sống tươi đẹp, tự do. Với lối kể chuyện hài hước, cách phân tích tâm lý nhân vật tinh tế, Mark Twain đã tái hiện đời sống xã hội Mĩ thế kỉ 19 vô cùng chân thật, khiến người đọc như được tham gia vào những chuyến phiêu lưu đầy thú vị, hồi hộp cùng cậu bé Tom Sawyer.','42.jpg',420,146,0,7.84,11799,3122,72,'8936036511886',10446,'J. K. Rowling','Nhà xuất bản giáo dục'),(43,9,'Hai Vạn Dặm Dưới Đáy Biển','Jules Verne (1828- 1905) là nhà văn Pháp nổi tiếng, người đi tiêng phong trong thể loại văn học Khoa học viễn tưởng và được coi là một trong những \"Cha đẻ\" của thể loại này. Với những tác phẩm nổi tiếng như Hành trình vào tâm Trát Đất(1864), Hai vạn dặm dưới biển (1870), Vòng quanh thế giới trong 80 ngày (1873), Jules Verne đã đề cập đến những cuộc phiêu lưu bằng máy bay, tàu ngầm hay những chuyến du hành vào vũ trụ trước khi những phương tiện này được con người phát minh trong thực tế. Tác phẩm của ông được dịch ra nhiều tiếng trên thế giới, và cũng được chuyển thể thành phim nhiều lần.','43.jpg',986,672,1,9.58,7054,5235,77,'8936036914244',3460,'J. K. Rowling','Nhà xuất bản giáo dục'),(44,9,'Nanh Trắng','Jack London (1876-1916) là nhà văn nổi tiếng người Mỹ, tác giả Tiếng gọi của hoang dã, Gót sắt, Martin eden, Tình yêu cuộc sống, Nanh trắng, và hơn 50 tác phẩm khác. Trong cuộc đời ngắn ngủi của mình ông là nhà văn tiêng phong của thể loại tạp trí thương mai đang thịnh hành lúc bấy giờ, ông là một trong những người Mỹ dầu tiên gặt hái thành công về mặt tài chính từ nghề viết văn.','44.jpg',668,123,1,5.42,24870,16805,72,'8936036035560',9445,'J. K. Rowling','Nhà xuất bản giáo dục'),(45,10,'Những Câu Chuyện Trái Tim Nhân Hậu','3 - 6 tuổi là giai đoạn vỡ lòng trong quá trình phát triển trí tuệ của trẻ nhỏ, là giai đoạn vàng để kích thích sự phát triển những khả năng tiềm tàng trong bé. Bộ sách Bé Học Điều Hay là sự lựa chọn không thể thiếu của các bậc cha mẹ. 4 tập truyện nhỏ là một hệ thống tri thức hoàn chỉnh, toàn diện, giúp trẻ phát triển lành mạnh về cả tâm hồn và trí tuệ. Những gợi ý tinh tế từ các chuyên gia giáo dục là trợ giúp hữu ích để các bậc cha mẹ hướng dẫn con mình đọc hiểu và suy ngẫm.Đối tượng của tập sách là các học sinh mẫu giáo và lớp một tiểu học và cũng để cha mẹ các em cùng đọc. Nội dung và ngôn từ trong sách đã được chọn lựa cẩn thận và cân nhắc rất kỹ trên cơ sở đặc điểm đọc sách và khả năng tiếp thu của trẻ em hiện nay, những tác phẩm tương đối dài hoặc ngụ ý quá sâu đều không được đưa vào. Để tiện cho các bậc cha mẹ hướng dẫn con đọc, mỗi tác phẩm đều có gợi ý ở cuối và minh họa bằng những bức tranh sinh động. Trong quá trình đọc, cha mẹ cũng nên cùng đọc với con cái để gợi ý và hướng dẫn các bé những bài học rút ra từ mỗi truyện.','45.jpg',380,700,1,6.33,3190,8321,70,'8936036435071',1619,'J. K. Rowling','Nhà xuất bản giáo dục'),(46,10,'Thơ Hay Cho Bé - Quà Cho Con','Quà cho con là cuốn sách thơ đầu tay của tác giả Nguyễn Huy Hoàng. Sách gồm 100 bài thơ tương ứng với 100 kĩ năng sống thiết yếu dành cho độc giả lứa tuổi thanh thiếu niên và nhi đồng. Quà cho con cũng là cuốn cẩm nang giáo dục đạo đức, lối sống, kĩ năng sống bằng thơ đầu tiên ở Việt Nam. Với hình thức các bài thơ vui, mộc mạc, dí dỏm, dễ hiểu dễ nhớ, Quà cho con được tác giả viết với mục đích rất rõ ràng. Đó là: trẻ em đọc để rèn luyện nhân cách; người lớn đọc để nuôi dạy con em tốt hơn. Từ đó “lối sống đẹp và những điều tử tế trong xã hội sẽ được bùng lên, lan tỏa thành một trào lưu sống đẹp, góp phần vì đất nước Việt Nam giàu đẹp, nhân ái”.','46.jpg',895,326,1,5.42,16343,11191,70,'8936036068674',3245,'J. K. Rowling','Nhà xuất bản giáo dục'),(47,10,'Truyện Kể Trước Khi Ngủ - Vui Vẻ','Những câu chuyện ngắn, dễ hiểu nhưng đầy tính giáo dục và hướng thiện giúp cho các bé ở lứa tuổi mầm non và mẫu giáo được định hình tư duy và ý thức ngay từ những năm tháng đầu đời. Mục Hỏi con yêu ở cuối mỗi cuốn sách sẽ giúp phụ huynh kiểm tra và củng cố lại kỹ năng tiếp thu, phân tích của bé sau khi nghe đọc truyện.','47.gif',333,231,1,7.1,22131,10990,84,'8936036038158',11365,'J. K. Rowling','Nhà xuất bản giáo dục'),(48,10,'Những Câu Chuyện Hình Thành Thói Quen Tốt Cho Trẻ','3 - 6 tuổi là giai đoạn vỡ lòng trong quá trình phát triển trí tuệ của trẻ nhỏ, là giai đoạn vàng để kích thích sự phát triển những khả năng tiềm tàng trong bé. Bộ sách Bé Học Điều Hay là sự lựa chọn không thể thiếu của các bậc cha mẹ. 4 tập truyện nhỏ là một hệ thống tri thức hoàn chỉnh, toàn diện, giúp trẻ phát triển lành mạnh về cả tâm hồn và trí tuệ. Những gợi ý tinh tế từ các chuyên gia giáo dục là trợ giúp hữu ích để các bậc cha mẹ hướng dẫn con mình đọc hiểu và suy ngẫm.Đối tượng của tập sách là các học sinh mẫu giáo và lớp một tiểu học và cũng để cha mẹ các em cùng đọc. Nội dung và ngôn từ trong sách đã được chọn lựa cẩn thận và cân nhắc rất kỹ trên cơ sở đặc điểm đọc sách và khả năng tiếp thu của trẻ em hiện nay, những tác phẩm tương đối dài hoặc ngụ ý quá sâu đều không được đưa vào. Để tiện cho các bậc cha mẹ hướng dẫn con đọc, mỗi tác phẩm đều có gợi ý ở cuối và minh họa bằng những bức tranh sinh động. Trong quá trình đọc, cha mẹ cũng nên cùng đọc với con cái để gợi ý và hướng dẫn các bé những bài học rút ra từ mỗi truyện.','48.jpg',982,177,1,9.26,11637,1375,68,'8936036984769',119,'J. K. Rowling','Nhà xuất bản giáo dục'),(49,11,'Túi Xách Dễ Thương Barbie ','Cuốn sách gồm những hình dán lấp lánh, những con vật ngộ nghĩnh để tô màu và các hoạt động thú vị. Ngoài ra, sách cũng mang tới nhiều thiết kế thời trang và trò chơi hấp dẫn cho bé đấy! Hãy cùng Barbie tìm hiểu cách tạo kiểu tóc, cài những chiếc nơ dễ thương, thiết kế một bộ váy lộng lẫy và tổ chức buổi trình diễn thời trang nhé.','49.jpg',907,189,1,6,16792,13907,68,'8936036809372',1730,'J. K. Rowling','Nhà xuất bản giáo dục'),(50,11,'Truyện Tranh Công Chúa Barbie - Nàng Tiên Cá ','Các bạn nhỏ đặc biệt là các bé gái đã quen thuộc với hình ảnh cô búp bê Barbie xinh đẹp và duyên dáng. Phát triển từ hình tượng này, nhân vật Barbie được hãng sở hữu của mình là tập đoàn Mattel sáng tạo ra nhiều câu chuyện thú vị với nhân vật chính là các nàng công chúa xinh đẹp. Vẫn dáng vóc yêu kiều và duyên dáng, mái tóc vàng bồng bềnh, những bộ váy áo lộng lẫy, những nàng công chúa sẽ mang đến cho các độc giả nhỏ tuổi nhiều câu chuyện hấp dẫn về tình bạn, gia đình, những ước mơ... Bộ truyện tranh về các nàng công chúa Barbie gồm 8 cuốn với những nội dung sinh động hấp dẫn','50.jpg',591,412,1,1.22,24040,5407,75,'8936036092554',8290,'J. K. Rowling','Nhà xuất bản giáo dục'),(51,11,'Những Nàng Công Chúa Nổi Tiếng - Công Chúa Chim Công','Bộ Truyện Cổ Tích Về Những Nàng Công Chúa Nổi Tiếng chọn lọc các câu chuyện cổ tích được trẻ em khắp thế giới yêu thích, với các hình vẽ tinh tế về các nàng công chúa, nuôi dưỡng ước mơ được trở nên xinh đẹp như các nàng công chúa của mọi bé gái. Bộ truyện bao gồm các câu chuyện cổ tích chọn lọc được trẻ em khắp thế giới yêu thích, với các hình vẽ tinh tế về các nàng công chúa, hun đúc tinh thần nhân ái trong tâm hồn trong sáng của trẻ thơ. Các em sẽ được gặp gỡ các nàng công chúa xinh đẹp, thông minh, giàu lòng nhân ái là: Công chúa Chim Công, công chúa Bạch Tuyết, công chúa Jasmine và chàng Aladdin, Nàng tiên cá, Công chúa và hoàng tử Ếch, Cô bé Lọ Lem, Người đẹp ngủ trong rừng, Hoa Mộc Lan, Người đẹp và ác thú, và cả cô bé Jenny tốt bụng trong câu chuyện “Hoa bảy sắc”. Đây cũng là một bộ sách dán hình thông minh đầy hấp dẫn, với hơn 80 hình đề can phong phú sẽ giúp các em cảm nhận tốt hơn nội dung câu chuyện trong quá trình thử tài dán hình và giúp các em nâng cao năng lực nhân biết của mình.','51.jpg',231,94,1,5.09,19830,5315,72,'8936036034656',1030,'J. K. Rowling','Nhà xuất bản giáo dục'),(52,11,'Sách Tô Màu Phát Triển Trí Tuệ - Barbie 12 Nàng Công Chúa Thích Khiêu Vũ','Ngày xưa tại vương quốc nọ, vua Randolph và Hoàng hậu sống hạnh phúc cùng 12 nàng công chúa. Nhưng không may, Hoàng hậu lâm trọng bệnh qua đời.Ít lâu sau, nữ công tước Rowena - chị họ nhà vua được mời vào cung để chăm sóc cho các công chúa. Rowena là một phụ nữ tham vọng độc ác. Cuối cùng, liệu 12 nàng công chúa nhỏ có quay về vương quốc để cứu vua cha và trừng trị Rowena một cách đúng đắn hay không? Barbie - 12 nàng công chúa thích khiêu vũ là cuốn sách 3 trong 1, vừa kể lại câu chuyện phiêu lưu hấp dẫn của Corinne, vừa giúp các em thỏa sức sáng tạo khi tô màu. Điểm nổi bật của cuốn sách là phần hình mẫu sống động và rõ nét, chắc chắn sẽ tạo hứng thú tô màu cho trẻ.','52.gif',380,634,0,2.82,2032,10353,75,'8936036895616',3766,'J. K. Rowling','Nhà xuất bản giáo dục'),(53,12,'Hình Dán My Little Pony - Ban Nhạc Cầu Vồng','Các học sinh trường Trung học Phổ thông Centerlot đang bị trúng bùa của ba con Siren xấu xa. Giờ tất cả phải nhờ vào Twilight Sparkle, Sunset Shimmer và ban nhạc Cầu Vồng để đánh bại bộ ba độc ác đó. Liệu họ có kịp hành động trước khi các con Siren chiếm lấy thế giới này không? Bạn hãy đọc cuốn sách kể lại nội dụng bộ phim ăn khách này với tựa đề Ban nhạc Cầu Vồng để tìm câu trả lời! Sau đó, bạn có thể tái hiện lại những cảnh phim gay cấn nhất bằng những trang gập toàn cảnh bức tranh và hình dán dễ thương nhé!','53.jpg',206,84,1,6.82,661,15819,98,'8936036374112',3996,'J. K. Rowling','Nhà xuất bản giáo dục'),(54,12,'My Little Pony - Cuộc Thi Gay Cấn','Tại vùng đất thần bí mà trù phú mang tên thung lũng Ngựa Con có một bầy ngựa con sinh sống vui vẻ, mỗi bạn một đặc điểm, một tính cách riêng. Những câu chuyện thú vị xảy ra giữa họ không chỉ cho ta thấy sức mạnh tình bạn, mà còn dạy cho các em nhiều bài học đạo đức, cũng như đưa ra các cách giải quyết vấn đề nảu sinh để bản thân trở nên tốt hơn, được nhiều người yêu mến. ','54.jpg',890,619,1,6.64,22211,8034,86,'8936036183714',8682,'J. K. Rowling','Nhà xuất bản giáo dục'),(55,12,'My Little Pony - Vị Cứu Tinh Bí Ẩn','Tại vùng đất thần bí mà trù phú mang tên thung lũng Ngựa Con có một bầy ngựa con sinh sống vui vẻ, mỗi bạn một đặc điểm, một tính cách riêng. Những câu chuyện thú vị xảy ra giữa họ không chỉ cho ta thấy sức mạnh tình bạn, mà còn dạy cho các em nhiều bài học đạo đức, cũng như đưa ra các cách giải quyết vấn đề nảu sinh để bản thân trở nên tốt hơn, được nhiều người yêu mến. ','55.jpg',831,42,1,2.77,9076,12714,77,'8936036796233',7936,'J. K. Rowling','Nhà xuất bản giáo dục'),(56,12,'My Little Pony - Ý Tưởng Kì Lạ Của Twilight Sparkle','Bộ sách My Little Pony gồm những bài học dẫn dắt trẻ trưởng thành. Cô bé Twilight Sparkle ham học đã làm quen với Pinkie Pie, Rainbow Dash, Fluttershy, Applejack ở thung lũng Ngựa Con. Sau đó, họ mau chóng trở thành những người bạn tốt và rồi rất nhiều câu chuyện thú vị đã xảy ra quanh họ. Những câu chuyện ấy sẽ giúp trẻ hiểu được sức mạnh của sự đoàn kết, cũng như học được cách quý trọng tình bạn. Sức mạnh tình bạn giúp trẻ hình thành tính cách lạc quan, tích cực, kiên định và chính nghĩa. Những yếu tố đó chính la nền tảng để trẻ trưởng thành và có được cuộc sống tinh thần tràn đầy hạnh phúc sau này.','56.jpg',486,450,1,1.9,3746,19466,64,'8936036430024',1892,'J. K. Rowling','Nhà xuất bản giáo dục'),(57,13,'SpongeBob SquarePants - Cuộc Giải Thoát Kì Diệu','Nếu bạn là một fan trung thành của bộ phim \"Spongebob Squarepants - Anh hùng lên cạn\" thì chắc chắn rằng bạn không thể bỏ qua series truyện tranh Spongebob Squarepants. Đây là bộ truyện được mong đợi nhất hè này, với những câu chuyện hài hước, vui nhộn. Nhân vật Spongebob Squarepants ra đời ngày 1/5/1999 sau 10 năm lên ý tưởng. Qua nét vẽ, ngòi bút của những nhà làm phim hoạt hình hàng đầu của Nickelodeon, tính cách của từng nhân vật và những câu chuyện thú vị về cuộc sống của Bọt Biển và các bạn sẽ được lột tả sinh động nhất. Người đọc chắc hẳn sẽ cảm thấy vô cùng thích thú khi thấy chính bản thân mình trong những nhân vật đáng yêu đến từ đất nước xa xôi và hòa mình vào những tình huống vui nhộn ấy.','57.jpg',932,23,1,9.23,16500,19189,71,'8936036761422',9136,'J. K. Rowling','Nhà xuất bản giáo dục'),(58,13,'SpongeBob SquarePants - Những giấc mơ kem','Bộ truyện tranh Spongebob Squarepants gồm các tập: SpongeBob gặp nàng công chúa, SpongeBob lướt sóng đi nào, Cuộc phiêu lưu về thời Trung cổ, Lớp học tinh nghịch, Ngôi sao bóng đá, Những chuyện kì bí ở Bikini Bottom, Cuộc giải thoát kỳ diệu, và Những giấc mơ kem. Đây là những câu chuyện xoay quanh thế giới diệu kỳ dưới biển, đặc biệt là quán ăn Krabs cùng các nhân vât: bọt Biển Quần Vuông, Sao Biển Pattrick, ông chủ Krabs, bạch tuộc Squid... và còn rất nhiều nhân vật đáng yêu khác tại vùng biển Bikini. Những câu chuyện ngập tràn sự vui nhộn, những tình huống hài hước và kết thúc bất ngờ trong cuộc sống của Bọt Biển sẽ đem lại tiếng cười cho độc giả mọi lứa tuổi.','58.jpg',204,164,1,3.45,21265,17547,64,'8936036517039',4773,'J. K. Rowling','Nhà xuất bản giáo dục'),(59,13,'SpongeBob SquarePants - Cuộc Phiêu lưu Về Thời Trung Cổ','Nếu bạn là một fan trung thành của bộ phim \"Spongebob Squarepants - Anh hùng lên cạn\" thì chắc chắn rằng bạn không thể bỏ qua series truyện tranh Spongebob Squarepants. Đây là bộ truyện được mong đợi nhất hè này, với những câu chuyện hài hước, vui nhộn. Nhân vật Spongebob Squarepants ra đời ngày 1/5/1999 sau 10 năm lên ý tưởng. Qua nét vẽ, ngòi bút của những nhà làm phim hoạt hình hàng đầu của Nickelodeon, tính cách của từng nhân vật và những câu chuyện thú vị về cuộc sống của Bọt Biển và các bạn sẽ được lột tả sinh động nhất. Người đọc chắc hẳn sẽ cảm thấy vô cùng thích thú khi thấy chính bản thân mình trong những nhân vật đáng yêu đến từ đất nước xa xôi và hòa mình vào những tình huống vui nhộn ấy.','59.jpg',224,49,1,6.54,6824,10165,85,'8936036300927',8200,'J. K. Rowling','Nhà xuất bản giáo dục'),(60,13,'Spongebob Squarepants - Những Chuyện Kì Bí Ở Bikini Bottom','Bộ truyện tranh Spongebob Squarepants gồm các tập: SpongeBob gặp nàng công chúa, SpongeBob lướt sóng đi nào, Cuộc phiêu lưu về thời Trung cổ, Lớp học tinh nghịch, Ngôi sao bóng đá, Những chuyện kì bí ở Bikini Bottom, Cuộc giải thoát kỳ diệu, và Những giấc mơ kem. Đây là những câu chuyện xoay quanh thế giới diệu kỳ dưới biển, đặc biệt là quán ăn Krabs cùng các nhân vât: bọt Biển Quần Vuông, Sao Biển Pattrick, ông chủ Krabs, bạch tuộc Squid... và còn rất nhiều nhân vật đáng yêu khác tại vùng biển Bikini. Những câu chuyện ngập tràn sự vui nhộn, những tình huống hài hước và kết thúc bất ngờ trong cuộc sống của Bọt Biển sẽ đem lại tiếng cười cho độc giả mọi lứa tuổi.','60.jpg',506,455,1,3.38,20323,18186,94,'8936036953520',3195,'J. K. Rowling','Nhà xuất bản giáo dục'),(61,14,'Angrybirds Comics - Ba Chú Lợn Con','Nội dung chính của bộ truyện tranh comic Angry Birds vẫn xoay quanh chủ đề cuộc chiến của đàn chim và vương quốc lợn. Những chú chim đáng yêu sẵn sàng làm tất cả để bảo về số trứng của mình. Còn vương quốc lợn lúc nào cũng muốn gây chiến để cướp số trứng đó, nhưng lũ lợn lại vô cùng ngốc ngếch, chúng đều tự mắc phải những cái bẫy do chính mình đặt ra. Từ những tình huống gây cười vô cùng hấp dẫn như vậy, bộ truyện tranh comic Angry Birds vừa mang tính giải trí cao, mà vẫn ẩn chứa những bài học về sự trung thành, lòng dũng cảm, tinh thần đoàn kết.','61.jpg',855,26,1,5.28,6147,435,73,'8936036864819',3118,'J. K. Rowling','Nhà xuất bản giáo dục'),(62,14,'Angrybirds Comics - Cái Ná Gẫy','Xác định đối tượng chính là những độc giả nhỏ tuổi, ngôn ngữ được sử dụng trong bộ truyện vô cùng đơn giản và dễ hiểu. Bên cạnh những tình huống gây cười hấp dẫn, mang tính giải trí cao, bộ truyện tranh Angry Birds vẫn ẩn chứa những bài học về sự trung thành, lòng dũng cảm, tinh thần đoàn kết. Sách được in màu, cỡ chữ to, với hình ảnh nhân vật theo định dạng 3D sống động và đẹp mắt.','62.jpg',756,164,1,6.27,19762,7617,64,'8936036463538',6002,'J. K. Rowling','Nhà xuất bản giáo dục'),(63,14,'Angrybirds Comics - Chiến Dịch Trộm Trứng','Nội dung chính của bộ truyện tranh comic Angry Birds vẫn xoay quanh chủ đề cuộc chiến của đàn chim và vương quốc lợn. Những chú chim đáng yêu sẵn sàng làm tất cả để bảo về số trứng của mình. Còn vương quốc lợn lúc nào cũng muốn gây chiến để cướp số trứng đó, nhưng lũ lợn lại vô cùng ngốc ngếch, chúng đều tự mắc phải những cái bẫy do chính mình đặt ra. Từ những tình huống gây cười vô cùng hấp dẫn như vậy, bộ truyện tranh comic Angry Birds vừa mang tính giải trí cao, mà vẫn ẩn chứa những bài học về sự trung thành, lòng dũng cảm, tinh thần đoàn kết.','63.jpg',214,40,1,5.52,5374,16780,81,'8936036723231',8916,'J. K. Rowling','Nhà xuất bản giáo dục'),(64,14,'Angrybirds Comics - Đại Bàng Huyền Thoại','Xác định đối tượng chính là những độc giả nhỏ tuổi, ngôn ngữ được sử dụng trong bộ truyện vô cùng đơn giản và dễ hiểu. Bên cạnh những tình huống gây cười hấp dẫn, mang tính giải trí cao, bộ truyện tranh Angry Birds vẫn ẩn chứa những bài học về sự trung thành, lòng dũng cảm, tinh thần đoàn kết. Sách được in màu, cỡ chữ to, với hình ảnh nhân vật theo định dạng 3D sống động và đẹp mắt.','64.jpg',804,406,1,7.81,17579,1049,75,'8936036225543',3084,'J. K. Rowling','Nhà xuất bản giáo dục'),(65,15,'Thomas & Friends - Bộ Sách Giáo Dục Về Hoàn Thiện Bản Thân','Bộ sách Giáo Dục Về Hoàn Thiện Bản Thân giúp trẻ học cách ứng phó với những hoàn cảnh khó khăn và hình thành năng lực vượt qua những vấp váp, trắc trở trong cuộc sống. Khi bước vào tuổi mầm non, trẻ bắt đầu làm quen với cuộc sống tập thể và khó tránh gặp phải những muộn phiền nho nhỏ. Trẻ nên làm gì để đối diện với những muộn phiền đó trên đường trưởng thành của mình? Mời bé bước vào thế giới của Thomas và những người bạn, Thomas sẽ giúp bé ứng phó với những thay đổi sau khi vào học ở trường mầm non, nâng cao khả năng giải quyết vấn đề và hòa đồng với bạn bè! Bé đã sẵn sàng trở thành em bé kiên cường để vượt qua mọi khó khăn chưa nào?','65.jpg',374,512,1,3.46,21775,14905,69,'8936036958020',417,'J. K. Rowling','Nhà xuất bản giáo dục'),(66,15,'Thomas & Friends - Học Chữ Thật Là Vui: Chuyến Du Lịch Vui Vẻ','Trước khi Hary Potter xuất hiện, bộ sách Đầu máy xẻ lửa Thomas của cha con nhà văn Wilbert và Christopher Awdry là đặc sản của văn học nước Anh. Và đến bây giờ, nó vẫn là cuốn sách đạo đức, là người bạn đồng hành thơ ấu của hàng triệu con người, của biết bao thế hệ. Sau này, bộ sách được chuyển thể thành series phim hoạt hình “Thomas and Friends” cùng với hàng trăm đầu sách tranh, nhưng Thomas vẫn giữ nguyên được những bài học sâu sắc mà nhẹ nhàng cho các em nhỏ.','66.jpg',457,640,1,1.88,6140,11374,63,'8936036113473',4576,'J. K. Rowling','Nhà xuất bản giáo dục'),(67,15,'Thomas & Friends - Học Chữ Thật Là Vui: Đoàn Xiếc Ảo Thuật','Cốt truyện vẫn xoay quanh những câu chuyện đạo đức về Thomas và các bạn trê hòn đảo Sodor xinh đẹp. Tuy nhiên, đằng sau mỗi trang sách là những hình ảnh bí mật được giấu khéo léo cùng với từ ngữ để bé học đánh vần. Bộ sách sử dụng hình thức “đồ họa 3D” mà các bé yêu thích. Giới thiệu đến các đồ vật thường gặp và giúp bé làm quen với những từ vựng quen thuộc nhất trong thế giới của Thomas.','67.jpg',161,264,1,7.03,15373,12158,88,'8936036693306',9883,'J. K. Rowling','Nhà xuất bản giáo dục'),(68,15,'Thomas & Friends - Học Chữ Thật Là Vui: Kho Báu Bí Mật','Mùa xuân đã về trên đảo Sodor. Hôm nay Thomas sẽ dẫn đoàn du khách đi tham quan đảo. Những nhìn ảnh thiên nhiên tươi đẹp của hòn đảo đang được giấu trrong từng trang sách. Hãy để con bạn được đi du lịch cùng Thomas thôi!','68.jpg',434,100,1,1.54,8447,6666,70,'8936036126110',458,'J. K. Rowling','Nhà xuất bản giáo dục'),(69,16,'Câu Chuyện Nhỏ Ý Nghĩa Lớn ','Cuốn sách tổng hợp hơn những câu chuyện đặc sắc nhất trong và ngoài nước từ trước đến nay. Nội dung xoay quanh những phương diện liên quan đến sự trưởng thành lành mạnh, phát triển thuận lợi của thanh thiếu niên. Cuốn sách rất hữu ích đối với việc mở rộng kiến thức, bồi dưỡng văn hóa, nâng cao cảnh giới tinh thần của người đọc.','69.jpg',687,407,1,3.58,21115,16857,65,'8936036550635',7871,'J. K. Rowling','Nhà xuất bản giáo dục'),(70,16,'Mỗi Tối Một Truyện Mẹ Kể Bé Nghe - Mùa Đông','Với mục đích đem tới cho trẻ một \"đóa hoa rực rỡ\", tập truyện này tập hợp những câu chuyện kể về cuộc sống của chính các em, những câu chuyện ngụ ngôn, thần thoại từ rất xưa, những truyền thuyết và đông thoại của nước ngoài, gợi mở trí tuệ, trong đó điểm xuyết một chút thơ ca và câu đố. Tất cả những câu chuyện hay này mang nhiều ý nghĩa và rất có ích cho trẻ. Đó là nền văn minh ưu tú do nhân loại tạo dựng, không có giới hạn về không gian và thời gian, đó là tài sản chung của thế giới này. Rất nhiều những câu chuyện được lưu truyền, đã nuôi lớn và làm giàu trí tuệ cho muôn người từ thế hệ này qua thế hệ khác.','70.jpg',131,333,1,3.3,5234,4285,97,'8936036374843',2749,'J. K. Rowling','Nhà xuất bản giáo dục'),(71,16,'Những Câu Chuyện Đặc Sắc Dành Cho Lứa Tuổi Trưởng Thành','Lứa tuổi trưởng thành là thời kì đẹp nhất nhưng cũng luôn tiềm ẩn tính cách \"nổi loạn\". Khi bước vào giai đoạn này, các em có nhiều biến đổi lớn về mặt tâm sinh lý, \"thích làm người lớn\". Đây cũng là độ tuổi mà các em chịu ảnh hưởng của môi trường sống, nhiều khi dẫn tới hành động không lường trước được. Cuốn sách tập hợp những câu chuyện ý nghĩa sâu sắc, có định hướng trong việc bồi dưỡng tư duy, rèn luyện ý chí phấn đấu, nâng cao kỹ năng ứng xử trong cuộc sống hàng ngày.','71.jpg',595,443,1,4.77,12822,10854,68,'8936036222311',1875,'J. K. Rowling','Nhà xuất bản giáo dục'),(72,16,'Sống Đẹp - Bí Mật Của Hạnh Phúc','Như những khoảng lặng cần thiết trong tiết tấu của cuộc sống, những câu chuyện trong cuốn sách này sẽ mang đến cho bạn cơ hội để suy ngẫm và rung động về những chuyện có thực, về những điều có thể nhỏ nhặt nhưng ý nghĩa với mỗi chúng ta. Những câu chuyện trong Tủ sách Sống đẹp là tình cảm, nỗi niềm tâm sự sẻ chia của đông đảo bạn bè trên thế giới, họ ở mọi tầng lớp trong xã hội nhưng có chung một mong muốn là đánh thức trái tim nhân hậu và tình yêu thương trong mỗi con người. Hãy sát cánh bên nhau trong những giai đoạn khó khăn nhất của cuộc đời, hạnh phúc sẽ được nhân đôi khi bạn chia sẻ, đó là ước nguyện của những người thực hiện cuốn sách này. Bộ sách được tuyển soạn và biên dịch từ những câu chuyện chia sẻ của cộng đồng trên mạng Internet, gồm những câu chuyện về tình yêu thương, sự cảm thông sâu.sắc đã được hiện hữu đầy đủ từ những con người rất đỗi giản dị và gần gũi với mỗi chúng ta. Mỗi câu chuyện khép lại là những cảm nhận sâu sắc dành cho bạn đọc. Đó có thể sẽ là món quà, là tâm sự bạn muốn dành tặng những người yêu thương xung quanh mình.','72.jpg',578,515,1,3.96,23411,1413,69,'8936036987029',1130,'J. K. Rowling','Nhà xuất bản giáo dục'),(73,17,'Bồi Dưỡng Nhân Cách Cho Trẻ - Tấm Lòng Ấm Áp','\"Một nhân cách tốt sẽ theo trẻ suốt cuộc đời. Bồi dưỡng nhân cách bắt đầu từ những điều nhỏ nhặt trong cuộc sống. Hãy để những câu chuyện trong sách đồng hành cùng trẻ trưởng thành.\" Trong mỗi cuốn của bộ sách bao gồm 2-3 câu chuyện thú vị diễn ra giữa nhóm các nhân vật đáng yêu gồm gấu Pooh, lừa Eeyore, thỏ Rabbit, hổ Tigger, chuột túi con Roo, chuột túi mẹ Kanga và bác cú Owl trong khu rừng Trăm Mẫu. Mỗi câu chuyện sẽ là một bài học nhẹ nhàng nhưng vô cùng sâu sắc và thấm thía.','73.jpg',105,543,1,4.5,3590,14505,83,'8936036268210',23,'J. K. Rowling','Nhà xuất bản giáo dục'),(74,17,'Cùng Bố Mẹ Đọc Sách Bé Nghĩ Lời Kết - Gà Trống Choai Mời Khách','Trong bộ sách này, các câu chuyện đều được bỏ ngỏ lời kết. Các em sau khi cùng bố mẹ đọc sách lựa chọn một trong ba lời kết gợi ý theo cách cảm nhận của mình, rồi viết lại thành lời kết của riêng các em. Cách làm này giúp các em tương tác với sách, qua đó quen dần với kiểu tư duy độc lập, phản biện. Bộ sách này sẽ góp một phần nhỏ vào việc bồi dưỡng khả năng cảm thụ văn học của các em, giúp các em phát triển tư duy và nhận thức một cách toàn diện.','74.jpg',791,472,1,9.62,22715,8284,69,'8936036379963',8467,'J. K. Rowling','Nhà xuất bản giáo dục'),(75,17,'Rèn luyện Kỹ Năng Sống cho trẻ - Hạt lạc bé nhỏ','Bộ sách Rèn Luyện Kỹ Năng Sống Cho Trẻ đề cập tới 60 tình huống an toàn và được chia thành 6 tập chính gồm các chủ đề: An toàn thân thể, an toàn ngoài xã hội, an toàn khi vui chơi, an toàn ở môi trường bên ngoài, an toàn trong cuộc sống, an toàn khi gặp thiên tai. Trong mỗi tập, các bậc phụ huynh sẽ thấy những trường hợp có thể xảy ra thường xuyên gây nguy hiểm cho con trẻ như: nghịch lửa, sờ tay vào điện, mở cửa cho người lạ vào nhà, bị kẹt trong thang máy…','75.jpg',640,29,1,6.62,2809,17903,74,'8936036095186',7038,'J. K. Rowling','Nhà xuất bản giáo dục'),(76,17,'Rèn luyện Kỹ Năng Sống cho trẻ - Cuộc tấn công của bầy ong','Tình huống của những câu chuyện đều được lấy từ các bản điều tra của bạn đọc khắp nơi, trong cuộc sống thực tế. Với lối kể chuyện sinh động, hướng dẫn cách tự bảo vệ sau mỗi câu chuyện, hình vẽ tinh tế và đặc biệt là sự xuất hiện của ba nhân vật chính là Chuột Túi, Gà Mào Đỏ, Ếch Con, bộ sách đã chọn cách giáo dục nhẹ nhàng và dễ hiểu để trẻ học cách tự bảo vệ bản thân.','76.jpg',825,127,1,3.22,20895,4666,65,'8936036336042',9786,'J. K. Rowling','Nhà xuất bản giáo dục'),(77,18,'Tủ Sách Bác Hồ - Bác Hồ Với Phụ Nữ Và Thiếu Niên Nhi Đồng','Nằm trong \"Tủ Sách Bác Hồ\", Cuốn sách “Bác Hồ Với Phụ Nữ Và Thiếu Niên Nhi Đồng”, là một tác phẩm viết về những Câu chuyện của Bác cùng với Phụ Nữ và các em thiếu niên Nhi Đồng. Cuốn sách do Nhà sách Tân Việt và NXB Văn Học liên kết hợp tác phát hành. Sách được xuất bản lần đầu năm 2017 và đã được công chúng nồng nhiệt đón nhận. Cuốn sách đã trở nên thân thiết với các bạn đọc với nhiều lứa tuổi khác nhau, đặc biệt là các cháu thiếu niên.','77.jpg',204,549,1,4.25,21053,9617,81,'8936036394654',4332,'J. K. Rowling','Nhà xuất bản giáo dục'),(78,18,'Tủ Sách Bác Hồ - Bác Hồ, Tấm Gương Mẫu Mực Về Sự Giản Dị','Nằm trong \"Tủ Sách Bác Hồ\", Cuốn sách “Bác Hồ, Tấm Gương Mẫu Mực Về Sự Giản Dị”, là một tác phẩm viết về Bác Hồ và Sự giản dị trong cách sống của Người. Cuốn sách do Nhà sách Tân Việt và NXB Văn Học liên kết hợp tác phát hành. Sách được xuất bản lần đầu năm 2017 và đã được công chúng nồng nhiệt đón nhận. Cuốn sách đã trở nên thân thiết với các bạn đọc với nhiều lứa tuổi khác nhau, đặc biệt là các cháu thiếu niên.','78.jpg',543,263,1,1.62,17577,14087,73,'8936036965143',4041,'J. K. Rowling','Nhà xuất bản giáo dục'),(79,18,'Tủ Sách Bác Hồ - Trung Thu Cháu Nhớ Bác Hồ','Nằm trong \"Tủ Sách Bác Hồ\", Cuốn sách “Trung Thu Cháu Nhớ Bác Hồ”, là một tác phẩm viết về Bác Hồ và những câu chuyện của Bác với các em thiếu nhi. Cuốn sách do Nhà sách Tân Việt và NXB Văn Học liên kết hợp tác phát hành. Sách được xuất bản lần đầu năm 2017 và đã được công chúng nồng nhiệt đón nhận. Cuốn sách đã trở nên thân thiết với các bạn đọc với nhiều lứa tuổi khác nhau, đặc biệt là các cháu thiếu niên.','79.jpg',105,365,1,3.33,24728,1585,99,'8936036641756',7212,'J. K. Rowling','Nhà xuất bản giáo dục'),(80,18,'Tủ Sách Bác Hồ - Việt Nam Đẹp Nhất Tên Người','Nằm trong \"Tủ Sách Bác Hồ\", Cuốn sách “Trung Thu Cháu Nhớ Bác Hồ”, là một tác phẩm viết về Bác Hồ và những câu chuyện của Bác với các em thiếu nhi. Cuốn sách do Nhà sách Tân Việt và NXB Văn Học liên kết hợp tác phát hành. Sách được xuất bản lần đầu năm 2017 và đã được công chúng nồng nhiệt đón nhận. Cuốn sách đã trở nên thân thiết với các bạn đọc với nhiều lứa tuổi khác nhau, đặc biệt là các cháu thiếu niên.','80.jpg',892,335,1,1.79,20910,5664,95,'8936036313349',451,'J. K. Rowling','Nhà xuất bản giáo dục'),(81,19,'Những Câu Chuyện Triết Lý Đặc Sắc - Tập 1','Lứa tuổi trưởng thành là thời kì đẹp nhất nhưng cũng luôn tiềm ẩn tính cách \"nổi loạn\". Khi bước vào giai đoạn này, các em có nhiều biến đổi lớn về mặt tâm sinh lý, \"thích làm người lớn\". Đây cũng là độ tuổi mà các em chịu ảnh hưởng của môi trường sống, nhiều khi dẫn tới hành động không lường trước được. Cuốn sách tập hợp những câu chuyện ý nghĩa sâu sắc, có định hướng trong việc bồi dưỡng tư duy, rèn luyện ý chí phấn đấu, nâng cao kỹ năng ứng xử trong cuộc sống hàng ngày.','81.jpg',146,578,1,6.98,5367,3562,79,'8936036641480',4104,'J. K. Rowling','Nhà xuất bản giáo dục'),(82,19,'Sống Đẹp - Cuộc Sống Có Muôn Vàn Lối Đi','Hãy sát cánh bên nhau trong những giai đoạn khó khăn nhất của cuộc đời, hạnh phúc sẽ được nhân đôi khi bạn chia sẻ, đó là ước nguyện của những người thực hiện cuốn sách này. Bộ sách được tuyển soạn và biên dịch từ những câu chuyện chia sẻ của cộng đồng trên mạng Internet, gồm những câu chuyện về tình yêu thương, sự cảm thông sâu.sắc đã được hiện hữu đầy đủ từ những con người rất đỗi giản dị và gần gũi với mỗi chúng ta. Mỗi câu chuyện khép lại là những cảm nhận sâu sắc dành cho bạn đọc. Đó có thể sẽ là món quà, là tâm sự bạn muốn dành tặng những người yêu thương xung quanh mình.','82.jpg',51,486,0,1.54,14100,818,92,'8936036267350',7422,'J. K. Rowling','Nhà xuất bản giáo dục'),(83,19,'Sống Đẹp - Cuộc Sống Là Yêu Thương Và Tha Thứ','Như những khoảng lặng cần thiết trong tiết tấu của cuộc sống, những câu chuyện trong cuốn sách này sẽ mang đến cho bạn cơ hội để suy ngẫm và rung động về những chuyện có thực, về những điều có thể nhỏ nhặt nhưng ý nghĩa với mỗi chúng ta. Những câu chuyện trong Tủ sách Sống đẹp là tình cảm, nỗi niềm tâm sự sẻ chia của đông đảo bạn bè trên thế giới, họ ở mọi tầng lớp trong xã hội nhưng có chung một mong muốn là đánh thức trái tim nhân hậu và tình yêu thương trong mỗi con người.','83.jpg',818,696,1,3.75,4404,13404,81,'8936036412314',1312,'J. K. Rowling','Nhà xuất bản giáo dục'),(84,19,'Sống Đẹp - Không Bao Giờ Bỏ Cuộc','Hãy sát cánh bên nhau trong những giai đoạn khó khăn nhất của cuộc đời, hạnh phúc sẽ được nhân đôi khi bạn chia sẻ, đó là ước nguyện của những người thực hiện cuốn sách này. Bộ sách được tuyển soạn và biên dịch từ những câu chuyện chia sẻ của cộng đồng trên mạng Internet, gồm những câu chuyện về tình yêu thương, sự cảm thông sâu.sắc đã được hiện hữu đầy đủ từ những con người rất đỗi giản dị và gần gũi với mỗi chúng ta. Mỗi câu chuyện khép lại là những cảm nhận sâu sắc dành cho bạn đọc. Đó có thể sẽ là món quà, là tâm sự bạn muốn dành tặng những người yêu thương xung quanh mình.','84.jpg',936,620,1,4.14,4717,4566,71,'8936036259519',7781,'J. K. Rowling','Nhà xuất bản giáo dục'),(85,20,'Bí Quyết Làm Đẹp Sống Khỏe','Để chào đón những thiên thần bé bỏng trong ngôi nhà của mình đồng nghĩa với việc các ông bố bà mẹ trẻ có rất nhiều việc phải làm. Một trong những điều cần thiết phải làm trước khi sinh con là tự trau dồi kiến thức làm cha mẹ. Có rất nhiều sách về mang thai, sinh con, nuôi dạy con, dinh dưỡng cho trẻ… và hàng ngàn chủ đề xoay quanh các thiên thần bé nhỏ. Bên cạnh việc hỏi thăm kinh nghiệm từ những người xung quanh, đọc sách và các tài liệu liên quan một cách khoa học sẽ giúp cha mẹ có cái nhìn tổng thể và toàn diện về trách nhiệm cực kỳ quan trọng của mình.','85.jpg',223,310,1,8.45,10373,2618,92,'8936036060656',11483,'J. K. Rowling','Nhà xuất bản giáo dục'),(86,20,'Bữa Ăn Khoa Học Cho Mẹ','Để chào đón những thiên thần bé bỏng trong ngôi nhà của mình đồng nghĩa với việc các ông bố bà mẹ trẻ có rất nhiều việc phải làm. Một trong những điều cần thiết phải làm trước khi sinh con là tự trau dồi kiến thức làm cha mẹ. Có rất nhiều sách về mang thai, sinh con, nuôi dạy con, dinh dưỡng cho trẻ… và hàng ngàn chủ đề xoay quanh các thiên thần bé nhỏ. Bên cạnh việc hỏi thăm kinh nghiệm từ những người xung quanh, đọc sách và các tài liệu liên quan một cách khoa học sẽ giúp cha mẹ có cái nhìn tổng thể và toàn diện về trách nhiệm cực kỳ quan trọng của mình.','86.jpg',307,391,1,1.82,12715,19391,66,'8936036524721',10585,'J. K. Rowling','Nhà xuất bản giáo dục'),(87,20,'Cách Quản Lý Cuộc Sống Của Mẹ Nhật','Bí quyết tận hưởng cuộc sống hạnh phúc trong công việc và nuôi dạy con. Khi bạn muốn toàn vẹn giữa gia đình và sự nghiệp. khi bạn muốn dọn phòng thật thư thái. Khi bạn muốn là chính mình không phải phàn nàn, lo lắng. Cuốn sách là \"Bộ sưu tập\" những lời khuyên được đúc kết từ kinh nghiệm của 9 người mẹ.   ','87.jpg',866,324,1,9.78,7455,9100,74,'8936036441639',6733,'J. K. Rowling','Nhà xuất bản giáo dục'),(88,20,'Thực Đơn Cho Bà Mẹ Mang Thai Và Cho Con Bú','Để chào đón những thiên thần bé bỏng trong ngôi nhà của mình đồng nghĩa với việc các ông bố bà mẹ trẻ có rất nhiều việc phải làm. Một trong những điều cần thiết phải làm trước khi sinh con là tự trau dồi kiến thức làm cha mẹ. Có rất nhiều sách về mang thai, sinh con, nuôi dạy con, dinh dưỡng cho trẻ… và hàng ngàn chủ đề xoay quanh các thiên thần bé nhỏ. Bên cạnh việc hỏi thăm kinh nghiệm từ những người xung quanh, đọc sách và các tài liệu liên quan một cách khoa học sẽ giúp cha mẹ có cái nhìn tổng thể và toàn diện về trách nhiệm cực kỳ quan trọng của mình.','88.jpg',408,446,1,6.44,24128,7326,72,'8936036634031',1911,'J. K. Rowling','Nhà xuất bản giáo dục'),(89,21,'Khám Phá Những Bí Ẩn Về Trái Đất ','Cuốn sách: \"Khám Phá Bí Ẩn Về Trái Đất\" được biên soạn cho lứa tuổi với bản lĩnh đầy hiếu kỳ. Bộ sách tổng hợp rất nhiều sự kiện bí ẩn chưa lời giải đáp, những hiện tượng đa dạng phức tạp trên rất nhiều lĩnh vực như thăm dò Trái đất, bí mật thế giới tự nhiên, bí mật ngoài vũ trụ... được trình bày một cách khoa học và tri thức nhân văn liên quan được lồng ghép trong đó cũng giúp các em biết tìm hiểu, phân biệt sự thực và hư vô bằng con mắt khoa học, từ trong quá trình phát hiện không ngừng những vấn đề mới và từng bước phá giải những bí mật mà thu lượm tri thức, chào đón tương lai bằng niềm mong đợi và hy vọng tràn trề của tuổi nhỏ.','89.jpg',442,557,1,1.85,23278,9331,77,'8936036845241',1095,'J. K. Rowling','Nhà xuất bản giáo dục'),(90,21,'Khám Phá Những Bí Ẩn Về Vũ Trụ ','Cuốn sách: \"Khám Phá Bí Ẩn Về Vũ Trụ\" được biên soạn cho lứa tuổi với bản lĩnh đầy hiếu kỳ. Bộ sách tổng hợp rất nhiều sự kiện bí ẩn chưa lời giải đáp, những hiện tượng đa dạng phức tạp trên rất nhiều lĩnh vực như thăm dò Trái đất, bí mật thế giới tự nhiên, bí mật ngoài vũ trụ... được trình bày một cách khoa học và tri thức nhân văn liên quan được lồng ghép trong đó cũng giúp các em biết tìm hiểu, phân biệt sự thực và hư vô bằng con mắt khoa học, từ trong quá trình phát hiện không ngừng những vấn đề mới và từng bước phá giải những bí mật mà thu lượm tri thức, chào đón tương lai bằng niềm mong đợi và hy vọng tràn trề của tuổi nhỏ.','90.jpg',986,44,1,6.95,19005,4675,71,'8936036324110',11486,'J. K. Rowling','Nhà xuất bản giáo dục'),(91,21,'Khám Phá Những Bí Ẩn Về Khoa Học ','Cuốn sách: \"Khám Phá Bí Ẩn Về Khoa Học\" được biên soạn cho lứa tuổi với bản lĩnh đầy hiếu kỳ. Bộ sách tổng hợp rất nhiều sự kiện bí ẩn chưa lời giải đáp, những hiện tượng đa dạng phức tạp trên rất nhiều lĩnh vực như thăm dò Trái đất, bí mật thế giới tự nhiên, bí mật ngoài vũ trụ... được trình bày một cách khoa học và tri thức nhân văn liên quan được lồng ghép trong đó cũng giúp các em biết tìm hiểu, phân biệt sự thực và hư vô bằng con mắt khoa học, từ trong quá trình phát hiện không ngừng những vấn đề mới và từng bước phá giải những bí mật mà thu lượm tri thức, chào đón tương lai bằng niềm mong đợi và hy vọng tràn trề của tuổi nhỏ.','91.jpg',601,647,1,1.19,191,15381,65,'8936036084829',7171,'J. K. Rowling','Nhà xuất bản giáo dục'),(92,21,'Khám Phá Những Bí Ẩn Về Động Vật','Cuốn sách: \"Khám Phá Bí Ẩn Về Động Vật\" được biên soạn cho lứa tuổi với bản lĩnh đầy hiếu kỳ. Bộ sách tổng hợp rất nhiều sự kiện bí ẩn chưa lời giải đáp, những hiện tượng đa dạng phức tạp trên rất nhiều lĩnh vực như thăm dò Trái đất, bí mật thế giới tự nhiên, bí mật ngoài vũ trụ... được trình bày một cách khoa học và tri thức nhân văn liên quan được lồng ghép trong đó cũng giúp các em biết tìm hiểu, phân biệt sự thực và hư vô bằng con mắt khoa học, từ trong quá trình phát hiện không ngừng những vấn đề mới và từng bước phá giải những bí mật mà thu lượm tri thức, chào đón tương lai bằng niềm mong đợi và hy vọng tràn trề của tuổi nhỏ.','92.jpg',48,306,1,2.13,18937,2880,90,'8936036451816',1396,'J. K. Rowling','Nhà xuất bản giáo dục'),(93,22,'Thế Nào Và Tại Sao - Cơ Thể Người - Tuyệt Tác Của Tạo Hóa','Cơ thể con người quả là một tuyệt tác của tạo hóa! Mọi bộ phận trên cơ thể con người đều vô cùng quan trọng và cần thiết: Xương giúp chống đỡ cơ thể, cơ giúp con người vận động, di chuyển, còn các cơ quan nội tạng là để duy trì sự sống. Tất cả chúng đều được điều khiển và kiểm soát bởi một khối chất xám nhỏ bé nằm bên trong hộp sọ - Được gọi là Bộ não. Ngay cả những phát minh đại tài nhất cũng không thể nghĩ ra hay hình dung được một sự kết hợp nào lại hoàn hảo như của các bộ phận, hệ thống diễn ra bên trong cơ thể con người. Vậy tại sao cơ thể của con người lại có thể được vận hành, hoạt động một cách hoàn toàn độc lập – không hề cần có sự điều khiên từ con người – mà lại hoàn hảo như vậy ? Hãy cùng khám phá thế giới với THẾ NÀO VÀ TẠI SAO! Hàng loạt các chuyến phiêu lưu, khám phá tri thức vô cùng hấp dẫn khác đang chờ đón bạn.','93.jpg',435,284,1,6.09,19115,8257,78,'8936036004595',8952,'J. K. Rowling','Nhà xuất bản giáo dục'),(94,22,'Thế Nào Và Tại Sao - Núi Lửa - Lửa Từ Lòng Đất','Khi một ngọn núi lửa phun trào: các vòi phun của lửa và những đám mây tro bụi to lớn \"cỡ khủng\" bắn lên trên không trung một cách không khoan nhượng, còn các dòng dung nham nóng rực thì chôn vùi mọi sự sống một cách tàn nhẫn... Tuy nhiên, phun trào núi lửa là những hiện tượng hết sức kì vĩ của thiên nhiên và chúng đã chứng minh rằng bên trong lòng Trái Đất là những sức mạnh, những nguồn năng lượng khủng khiếp không ngừng hoạt động.','94.jpg',28,505,1,5.04,13766,12644,97,'8936036667525',5342,'J. K. Rowling','Nhà xuất bản giáo dục'),(95,22,'Thế Nào Và Tại Sao - Những Phát Minh - Thiên Tài Với Những Ý Tưởng Bất Chợt','Lịch sử loài người là lịch sử của các phát minh. Cách đây trên 2,5 triệu năm, các tổ tiên của chúng ta đã chế tạo ra các dụng cụ đồ đá và sau đó là học được cách “làm chủ”, tạo ra ngọn lửa. Tiếp đến là những phát minh vĩ đại như phát minh ra bánh xa, máy hơi nước, bóng đèn sợi đốt và máy vi tính, ngoài ra còn có cả những phát minh nhỏ hơn như phát minh ra chiếc ghim giấy hay giấy note. Trong tương lai liệu sẽ còn có thể có những phát minh nào nữa? Băng nhám dính và hiệu ứng lá sen Lotuseffekt: Thiên nhiên có vô vàn những sự vật, hiện tượng “hoàn hảo”. Con người chỉ cần nghiên cứu, quan sát thật kĩ và học hỏi. Bạn có thể tưởng tượng được rằng sẽ có một ngày, một rô bốt “người song trùng” của bạn đi đến trường học? Hoặc rằng bạn có thể bay lên một trạm vũ trụ trong không gian bằng chiếc thang máy vũ trụ?','95.jpg',834,268,1,5.95,11484,18449,70,'8936036323843',11600,'J. K. Rowling','Nhà xuất bản giáo dục'),(96,22,'Thế Nào Và Tại Sao - Khủng Long - Trong Đế Chế Của Thằn Lằn Khổng Lồ','Hơn 200 triệu năm trước, khi con người còn chưa xuất hiện trên hành tinh xanh này, mặt đất đã rung chuyển dưới những bước chân nặng nề của các loài khủng long to lớn, còn cao cao trên bầu trời, những loài thằn lằn bay đang sải cánh, trong khi đó, bò sát biền là vua dưới lòng đại dương. Trong cuộc đấu tay đôi, khủng long ăn cỏ Stegosaurus có vũ khí và bí quyết gì để có thể đánh bại khủng long ăn thịt Allosaurus? Loài khủng long nào được coi là thông minh nhất?','96.jpg',88,527,1,4.64,16122,14311,80,'8936036616640',6741,'J. K. Rowling','Nhà xuất bản giáo dục'),(97,24,'125 LOÀI ĐỘNG VẬT ĐÁNG YÊU','Từ tắc kè hoa đến gấu trúc, từ tinh tinh đến sóc chuột, thế giới có muôn vàn những loài động vật thật dễ thương. Với 125 loài động vật đáng yêu nhất mọi thời đạt, cuốn sách này sẽ mang đến cho bạn những hình ảnh sống động cùng hàng trăm câu chuyện thú vị khác. Bạn đã sẵn sàng khám phá chưa nào !','97.jpg',934,431,1,4.36,21158,16209,91,'8936036111670',10650,'J. K. Rowling','Nhà xuất bản giáo dục'),(98,24,'125 PHÁT MINH ĐỘC ĐÁO','Con người chúng ta ngày càng thể hiện sự thông minh, sáng tạo vượt trội của mình bằng cách phát minh ra nhiều thiết bị và các giải pháp thiết kế hiện đại, tiện ích nhằm phục vụ cuộc sống hàng ngày. Chắc chắn những phát minh trong cuốn sách này sẽ khiến bạn phải trầm trồ, thán phục sự sáng tạo của con người. Các thiết bị đó sẽ giúp cuộc sống của chúng ta thoải mái hơn bất cứ lúc nào hay bất cứ nơi đâu. Bạn hãy cùng chiêm ngưỡng các phát mình đầy ấn tượng và vô cùng hữu ích trong cuộc sống thương nhật nhé.','98.jpg',405,570,1,6.87,7426,18110,73,'8936036708431',9540,'J. K. Rowling','Nhà xuất bản giáo dục'),(99,25,'Tuần Lễ Bách Khoa Thú Vị - Chủ Nhật Thư Giãn, Tại Sao Lại Có Ban đêm','Chùm sách Tuần lễ Bách khoa thú vị được biên soạn theo hình thức những câu chuyện bằng tranh. Với các nhân vật dễ thương dẫn chuyện, gợi cho trẻ sự thích thú khi tìm hiểu những kiến thức về môi trường xung quanh. Đó là những kiến thức gần gũi nhưng lại mang đến cho trẻ sự ngạc nhiên, hấp dẫn trong đời sống. Sau mỗi câu chuyện là bài thực hành nhỏ để giúp trẻ nhớ lâu, nhớ nhiều hơn những điều bổ ích thu nhặt được trong quá trình đọc sách.','99.jpg',223,157,1,2.26,23652,1925,72,'8936036207147',4006,'J. K. Rowling','Nhà xuất bản giáo dục'),(100,25,'Tuần Lễ Bách Khoa Thú Vị - Tại Sao Hoa Có Nhiều Màu Sắc?','Chùm sách Tuần lễ Bách khoa thú vị được biên soạn theo hình thức những câu chuyện bằng tranh. Với các nhân vật dễ thương dẫn chuyện, gợi cho trẻ sự thích thú khi tìm hiểu những kiến thức về môi trường xung quanh. Đó là những kiến thức gần gũi nhưng lại mang đến cho trẻ sự ngạc nhiên, hấp dẫn trong đời sống. Sau mỗi câu chuyện là bài thực hành nhỏ để giúp trẻ nhớ lâu, nhớ nhiều hơn những điều bổ ích thu nhặt được trong quá trình đọc sách.','100.jpg',901,473,1,7.72,20987,15295,81,'8936036910444',3154,'J. K. Rowling','Nhà xuất bản giáo dục'),(101,25,'Tuần Lễ Bách Khoa Thú Vị - Thứ Bảy Thông Minh, Ai Sinh Ra Cá Ngựa Con?','Chùm sách Tuần lễ Bách khoa thú vị được biên soạn theo hình thức những câu chuyện bằng tranh. Với các nhân vật dễ thương dẫn chuyện, gợi cho trẻ sự thích thú khi tìm hiểu những kiến thức về môi trường xung quanh. Đó là những kiến thức gần gũi nhưng lại mang đến cho trẻ sự ngạc nhiên, hấp dẫn trong đời sống. Sau mỗi câu chuyện là bài thực hành nhỏ để giúp trẻ nhớ lâu, nhớ nhiều hơn những điều bổ ích thu nhặt được trong quá trình đọc sách.','101.jpg',833,493,1,3.8,8977,10697,91,'8936036930776',3750,'J. K. Rowling','Nhà xuất bản giáo dục'),(102,25,'Tuần Lễ Bách Khoa Thú Vị - Thứ Hai Tò Mò, Tại Sao Nên Ăn Nhiều Rau','Chùm sách Tuần lễ Bách khoa thú vị được biên soạn theo hình thức những câu chuyện bằng tranh. Với các nhân vật dễ thương dẫn chuyện, gợi cho trẻ sự thích thú khi tìm hiểu những kiến thức về môi trường xung quanh. Đó là những kiến thức gần gũi nhưng lại mang đến cho trẻ sự ngạc nhiên, hấp dẫn trong đời sống. Sau mỗi câu chuyện là bài thực hành nhỏ để giúp trẻ nhớ lâu, nhớ nhiều hơn những điều bổ ích thu nhặt được trong quá trình đọc sách.','102.jpg',462,346,1,3.86,6922,7598,72,'8936036922552',9286,'J. K. Rowling','Nhà xuất bản giáo dục'),(103,25,'Tuần Lễ Bách Khoa Thú Vị - Thứ Năm Chia Sẻ, Tại Sao Chỉ Có Một Ngày Sinh Nhật?','Chùm sách Tuần lễ Bách khoa thú vị được biên soạn theo hình thức những câu chuyện bằng tranh. Với các nhân vật dễ thương dẫn chuyện, gợi cho trẻ sự thích thú khi tìm hiểu những kiến thức về môi trường xung quanh. Đó là những kiến thức gần gũi nhưng lại mang đến cho trẻ sự ngạc nhiên, hấp dẫn trong đời sống. Sau mỗi câu chuyện là bài thực hành nhỏ để giúp trẻ nhớ lâu, nhớ nhiều hơn những điều bổ ích thu nhặt được trong quá trình đọc sách.','103.jpg',811,249,1,6.91,7679,5902,65,'8936036820429',11694,'J. K. Rowling','Nhà xuất bản giáo dục'),(104,25,'Tuần Lễ Bách Khoa Thú Vị - Thứ Tư Hỏi Han, Tại Sao Phải Rửa Chân Khi Đi Ngủ','Chùm sách Tuần lễ Bách khoa thú vị được biên soạn theo hình thức những câu chuyện bằng tranh. Với các nhân vật dễ thương dẫn chuyện, gợi cho trẻ sự thích thú khi tìm hiểu những kiến thức về môi trường xung quanh. Đó là những kiến thức gần gũi nhưng lại mang đến cho trẻ sự ngạc nhiên, hấp dẫn trong đời sống. Sau mỗi câu chuyện là bài thực hành nhỏ để giúp trẻ nhớ lâu, nhớ nhiều hơn những điều bổ ích thu nhặt được trong quá trình đọc sách.','104.jpg',665,208,1,3.99,17628,6715,88,'8936036334491',7128,'J. K. Rowling','Nhà xuất bản giáo dục'),(105,26,'365 Ngày Phát Triển Iq - Câu Đố Mở Rộng Trí Tuệ','3 - 6 tuổi là giai đoạn vỡ lòng trong quá trình phát triển trí tuệ của trẻ nhỏ, là giai đoạn vàng để kích thích sự phát triển những khả năng tiềm tàng trong bé. Bộ sách 365 Ngày Phát Triển IQ gồm 6 cuốn với các chủ đề: Câu đố lý thú, Câu hỏi trí tuệ, Học môn toán, Học Tiếng Anh, Câu đố mở rộng trí tuệ và Trò chơi trí tuệ, là sự lựa chọn không thể thiếu của các bậc cha mẹ dành cho bé yêu. Cuốn sách 365 Ngày Phát Triển IQ - gồm những mẩu truyện nhỏ, những câu hỏi, những vần thơ... là một hệ thống tri thức hoàn chỉnh, toàn diện, giúp trẻ phát triển lành mạnh về trí tuệ và tâm hồn. Những gợi ý tinh tế từ các chuyên gia giáo dục là trợ giúp hữu ích để các bậc cha nẹ hướng dẫn con mình đọc hiểu và suy ngẫm.','105.jpg',892,292,1,7.22,15103,15866,67,'8936036211170',555,'J. K. Rowling','Nhà xuất bản giáo dục'),(106,26,'365 Ngày Phát Triển Iq - Câu Hỏi Trí Tuệ','3 - 6 tuổi là giai đoạn vỡ lòng trong quá trình phát triển trí tuệ của trẻ nhỏ, là giai đoạn vàng để kích thích sự phát triển những khả năng tiềm tàng trong bé. Bộ sách 365 Ngày Phát Triển IQ gồm 6 cuốn với các chủ đề: Câu đố lý thú, Câu hỏi trí tuệ, Học môn toán, Học Tiếng Anh, Câu đố mở rộng trí tuệ và Trò chơi trí tuệ, là sự lựa chọn không thể thiếu của các bậc cha mẹ dành cho bé yêu. Cuốn sách 365 Ngày Phát Triển IQ - gồm những mẩu truyện nhỏ, những câu hỏi, những vần thơ... là một hệ thống tri thức hoàn chỉnh, toàn diện, giúp trẻ phát triển lành mạnh về trí tuệ và tâm hồn. Những gợi ý tinh tế từ các chuyên gia giáo dục là trợ giúp hữu ích để các bậc cha nẹ hướng dẫn con mình đọc hiểu và suy ngẫm.','106.jpg',465,134,1,5.11,22634,19186,89,'8936036052379',4876,'J. K. Rowling','Nhà xuất bản giáo dục'),(107,26,'365 Ngày Phát Triển Iq - Học Môn Toán','3 - 6 tuổi là giai đoạn vỡ lòng trong quá trình phát triển trí tuệ của trẻ nhỏ, là giai đoạn vàng để kích thích sự phát triển những khả năng tiềm tàng trong bé. Bộ sách 365 Ngày Phát Triển IQ gồm 6 cuốn với các chủ đề: Câu đố lý thú, Câu hỏi trí tuệ, Học môn toán, Học Tiếng Anh, Câu đố mở rộng trí tuệ và Trò chơi trí tuệ, là sự lựa chọn không thể thiếu của các bậc cha mẹ dành cho bé yêu. Cuốn sách 365 Ngày Phát Triển IQ - gồm những mẩu truyện nhỏ, những câu hỏi, những vần thơ... là một hệ thống tri thức hoàn chỉnh, toàn diện, giúp trẻ phát triển lành mạnh về trí tuệ và tâm hồn. Những gợi ý tinh tế từ các chuyên gia giáo dục là trợ giúp hữu ích để các bậc cha nẹ hướng dẫn con mình đọc hiểu và suy ngẫm.','107.jpg',646,493,1,2.9,17859,8333,66,'8936036628382',10972,'J. K. Rowling','Nhà xuất bản giáo dục'),(108,26,'365 Ngày Phát Triển Iq - Trò Chơi Trí Tuệ','3 - 6 tuổi là giai đoạn vỡ lòng trong quá trình phát triển trí tuệ của trẻ nhỏ, là giai đoạn vàng để kích thích sự phát triển những khả năng tiềm tàng trong bé. Bộ sách 365 Ngày Phát Triển IQ gồm 6 cuốn với các chủ đề: Câu đố lý thú, Câu hỏi trí tuệ, Học môn toán, Học Tiếng Anh, Câu đố mở rộng trí tuệ và Trò chơi trí tuệ, là sự lựa chọn không thể thiếu của các bậc cha mẹ dành cho bé yêu. Cuốn sách 365 Ngày Phát Triển IQ - gồm những mẩu truyện nhỏ, những câu hỏi, những vần thơ... là một hệ thống tri thức hoàn chỉnh, toàn diện, giúp trẻ phát triển lành mạnh về trí tuệ và tâm hồn. Những gợi ý tinh tế từ các chuyên gia giáo dục là trợ giúp hữu ích để các bậc cha nẹ hướng dẫn con mình đọc hiểu và suy ngẫm.','108.jpg',837,664,1,7.17,21396,4106,83,'8936036984774',5003,'J. K. Rowling','Nhà xuất bản giáo dục'),(109,34,'Tìm Hiểu Về - Ai Cập Cổ Đại','Ramses II trở thành vị vua nổi tiếng như thế nào? Vì sao người Ai Cập lại ướp xác người chết? Vì sao mặt nạ của tutankhamun lại nổi tiếng đến thế? Vì sao người Ai Cập có đôi mắt rất đẹp?... Đáp án cho những câu hỏi trên và 300 câu hỏi khác được tập hợp trong cuốn sách này, tạo nên một kho kiến thức tuyệt vời cho cả trẻ em và người lớn. Nội dung sách được trình bày ngắn gọn và hết sức khoa học, tập trung vào những điểm nền tảng trọng yết, giúp độc giả dễ dàng nắm bắt. Mục bạn có biết cung cấp thêm những thông tin thú vị và ấn tượng, có liên quan đến chủ đề. Hình vẽ minh họa màu sinh động, cuốn hút cũng là điều tạo nên sức hấp dẫn cho cuốn sách.','109.jpg',244,439,1,8.16,3401,15529,78,'8936036038725',3840,'J. K. Rowling','Nhà xuất bản giáo dục'),(110,34,'Tìm Hiểu Về - Cơ Thể Người','Cơ thể con người quả là một tuyệt tác của tạo hóa! Mọi bộ phận trên cơ thể con người đều vô cùng quan trọng và cần thiết: Xương giúp chống đỡ cơ thể, cơ giúp con người vận động, di chuyển, còn các cơ quan nội tạng là để duy trì sự sống. Tất cả chúng đều được điều khiển và kiểm soát bởi một khối chất xám nhỏ bé nằm bên trong hộp sọ - Được gọi là Bộ não. Ngay cả những phát minh đại tài nhất cũng không thể nghĩ ra hay hình dung được một sự kết hợp nào lại hoàn hảo như của các bộ phận, hệ thống diễn ra bên trong cơ thể con người. Vậy tại sao cơ thể của con người lại có thể được vận hành, hoạt động một cách hoàn toàn độc lập – không hề cần có sự điều khiên từ con người – mà lại hoàn hảo như vậy ? Hãy cùng khám phá thế giới với THẾ NÀO VÀ TẠI SAO! Hàng loạt các chuyến phiêu lưu, khám phá tri thức vô cùng hấp dẫn khác đang chờ đón bạn.','110.jpg',707,201,1,9.29,2817,5326,81,'8936036239303',4193,'J. K. Rowling','Nhà xuất bản giáo dục'),(111,34,'Tìm Hiểu Về - Vũ Trụ','Khi say sưa ngắm nhìn bầu trời đêm với những vì sao lấp lánh và vành đai tỏa sáng của dải ngân hà thì tức là chúng ta đang mới chỉ quan sát được một phần nhỏ của dải ngân hà. Thực ra, vũ trụ bao la và rộng lớn hơn rất nhiều so với những gì chúng ta biết và chứa đầy những bí ẩn. Các lỗ đen, các tinh vân rực sáng và các ngôi sao phát nổ là những câu hỏi lớn đối với chúng ta. Vũ trụ đã bắt đầu như thế nào? Tại sao nó lại giãn nở và trong tương lai, nó sẽ ra sao?','111.jpg',804,386,1,2.97,3881,45,72,'8936036080342',9442,'J. K. Rowling','Nhà xuất bản giáo dục'),(112,35,'Khủng Long Bạo Chúa Tyrannosaurus','Cuốn sách mở ra trước mắt chúng ta một bức tranh sống động về thế giới Khủng Long. Thông qua những câu chuyện thực tế và minh họa sinh động trong cuốn sách này, các em sẽ có cái nhìn sâu sắc hơn về hệ sinh thái mà các chi khủng long từng sinh sống. Nào! Chúng mình cùng khởi động cỗ máy thời gian trở về thời cổ đại để tìm hiểu thế giới khủng long nhé!','112.jpg',896,627,1,3.97,10954,4247,96,'8936036683802',11147,'J. K. Rowling','Nhà xuất bản giáo dục'),(113,35,'Khủng Long Bọc Giáp Ankylosaurus','Cuốn sách mở ra trước mắt chúng ta một bức tranh sống động về thế giới Khủng Long. Thông qua những câu chuyện thực tế và minh họa sinh động trong cuốn sách này, các em sẽ có cái nhìn sâu sắc hơn về hệ sinh thái mà các chi khủng long từng sinh sống. Nào! Chúng mình cùng khởi động cỗ máy thời gian trở về thời cổ đại để tìm hiểu thế giới khủng long nhé!','113.jpg',66,574,0,9.98,18128,1098,83,'8936036177982',3923,'J. K. Rowling','Nhà xuất bản giáo dục'),(114,35,'Khủng Long Chân Thằn Lằn Brachiosaurus','Cuốn sách mở ra trước mắt chúng ta một bức tranh sống động về thế giới Khủng Long. Thông qua những câu chuyện thực tế và minh họa sinh động trong cuốn sách này, các em sẽ có cái nhìn sâu sắc hơn về hệ sinh thái mà các chi khủng long từng sinh sống. Nào! Chúng mình cùng khởi động cỗ máy thời gian trở về thời cổ đại để tìm hiểu thế giới khủng long nhé!','114.jpg',644,291,1,9.97,7774,12748,68,'8936036838506',9657,'J. K. Rowling','Nhà xuất bản giáo dục'),(115,36,'Bế Văn Đàn - Người Chiến Sĩ Lấy Thân Mình Làm Giá Súng','“...Với những hình ảnh sống động, phản ánh tương đối chân thực lịch sử và sát với chương trình, nội dung SGK Lịch sử hiện hành, bộ truyện tranh lịch sử vừa đưa bạn đọc đến thế giới của các câu chuyện lịch sử kì thú, vừa giúp các em học sinh có thêm những thông tin bổ ích trong việc học môn Lịch sử ở nhà trường...”','115.jpg',18,432,1,9.94,9487,446,69,'8936036658583',1289,'J. K. Rowling','Nhà xuất bản giáo dục'),(116,36,'Chu Văn An - Người Thầy Mẫu Mực','“...Với những hình ảnh sống động, phản ánh tương đối chân thực lịch sử và sát với chương trình, nội dung SGK Lịch sử hiện hành, bộ truyện tranh lịch sử vừa đưa bạn đọc đến thế giới của các câu chuyện lịch sử kì thú, vừa giúp các em học sinh có thêm những thông tin bổ ích trong việc học môn Lịch sử ở nhà trường...”','116.jpg',160,584,0,9.76,24112,3985,80,'8936036777397',960,'J. K. Rowling','Nhà xuất bản giáo dục'),(117,36,'Danh Tướng Lý Thường Kiệt','“...Với những hình ảnh sống động, phản ánh tương đối chân thực lịch sử và sát với chương trình, nội dung SGK Lịch sử hiện hành, bộ truyện tranh lịch sử vừa đưa bạn đọc đến thế giới của các câu chuyện lịch sử kì thú, vừa giúp các em học sinh có thêm những thông tin bổ ích trong việc học môn Lịch sử ở nhà trường...”','117.jpg',745,224,1,9.02,17103,18588,96,'8936036911236',930,'J. K. Rowling','Nhà xuất bản giáo dục'),(118,37,'Tủ Sách Bác Hồ - Thực Hiện Di Chúc Chủ Tịch Hồ Chí Minh','Nằm trong \"Tủ Sách Bác Hồ\", Cuốn sách “Thực Hiện Di Chúc Chủ Tịch Hồ Chí Minh”, là một tác phẩm viết về những đường lối phát triển đất nước theo di chúc của Chủ Tịch Hồ Chí Minh. Cuốn sách do Nhà sách Tân Việt và NXB Văn Học liên kết hợp tác phát hành. Sách được xuất bản lần đầu năm 2017 và đã được công chúng nồng nhiệt đón nhận. Cuốn sách đã trở nên thân thiết với các bạn đọc với nhiều lứa tuổi khác nhau.','118.jpg',242,66,1,5.82,13172,985,61,'8936036223990',1770,'J. K. Rowling','Nhà xuất bản giáo dục'),(119,37,'Tủ Sách Bác Hồ - Hồ Chí Minh Tên Người Sống Mãi','Nằm trong \"Tủ Sách Bác Hồ\", Cuốn sách “Thực Hiện Di Chúc Chủ Tịch Hồ Chí Minh”, là một tác phẩm viết về những đường lối phát triển đất nước theo di chúc của Chủ Tịch Hồ Chí Minh. Cuốn sách do Nhà sách Tân Việt và NXB Văn Học liên kết hợp tác phát hành. Sách được xuất bản lần đầu năm 2017 và đã được công chúng nồng nhiệt đón nhận. Cuốn sách đã trở nên thân thiết với các bạn đọc với nhiều lứa tuổi khác nhau.','119.jpg',975,356,1,1.02,14557,9159,75,'8936036386244',6061,'J. K. Rowling','Nhà xuất bản giáo dục'),(120,37,'Tủ Sách Bác Hồ - Kể Chuyện Bác Hồ','Nằm trong \"Tủ Sách Bác Hồ\", Cuốn sách “Thực Hiện Di Chúc Chủ Tịch Hồ Chí Minh”, là một tác phẩm viết về những đường lối phát triển đất nước theo di chúc của Chủ Tịch Hồ Chí Minh. Cuốn sách do Nhà sách Tân Việt và NXB Văn Học liên kết hợp tác phát hành. Sách được xuất bản lần đầu năm 2017 và đã được công chúng nồng nhiệt đón nhận. Cuốn sách đã trở nên thân thiết với các bạn đọc với nhiều lứa tuổi khác nhau.','120.jpg',147,181,1,4.67,8266,2841,94,'8936036259251',1510,'J. K. Rowling','Nhà xuất bản giáo dục'),(121,38,'Chiến tranh trên không ở Việt Nam (1965- 1973) - Phía Sau những trận không chiến','Trong 8 năm diễn ra cuộc chiến tranh trên không ở Việt Nam (từ 1965- 1973), Không quân nhân Việt Nam cùng các lực lượng phòng không của Quân chủng PK- KQ đã chiến đấu anh dũng, mưu trí, sáng tạo, xứng đáng là lực lượng nòng cốt trong thế trận phòng không nhân dân, bảo vệ bầu trời miền Bắc, giải phóng Miền Nam thống nhất đất nước. Nhiều chính khách, các chỉ huy không quân, nhà nghiên cứu lịch sử và các cựu chiến binh Không quân trong và ngoài nước đã có những tác phẩm viết về các khía cạnh đa dạng của cuộc chiến tranh trên không ở Việt Nam. Sự quan tâm rộng rãi đối với đề tài này là do những bài học trong chiến tranh trên không ở Việt Nam không chỉ có giá trị lịch sử mà còn được nhiều tác giả đánh giá cao về ý nghĩa lý luận. Trung tướng Nguyễn Đức Soát- tác giả cuốn sách cho biết: Qua quá trình nghiên cứu tài liệu trong và ngoài nước, gặp gỡ, phỏng vấn các cựu cán bộ, phi công đã trực tiếp chỉ huy và tham chiến, nhóm tác giả và các cộng tác viên, gồm các phi công MiG từng tham gia chiến đấu, một số từng là cán bộ lãnh đạo, chỉ huy Không quân từ cấp phân đội lên đến cấp Quân chủng và Bộ Tổng Tham mưu… đã biên soạn cuốn sách. Đây là cuốn sách chuyên khảo viết theo phương pháp kết hợp, trên cơ sở các tài liệu tham khảo, lồng ghép các sự kiện, chính kiến của các nhân chứng lịch sử với góc nhìn của nhóm tác giả để phân tích về những nét sáng tạo trong nghệ thuật tác chiến và lý thuyết chiến thuật của không quân tiêm kích Việt Nam trong kháng chiến chống Mỹ cứu nước. Cuốn sách đi sâu phân tích các hoạt động của Không quân nhân dân Việt Nam.','121.jpg',808,535,1,1.28,22658,6725,65,'8936036137521',1107,'J. K. Rowling','Nhà xuất bản giáo dục'),(122,38,'Những Trận Không Chiến Trên Bầu Trời Việt Nam (1965-1975) Nhìn Từ Hai Phía','Cuốn sách với nhiều tư liệu, là những hồi ức, ghi chép của các chỉ huy, các phi công trực tiếp tham gia chiến đấu trong suốt những năm kháng chiến oanh liệt chống Mỹ cứu nước, nhất là thời điểm năm 1972 với những chiếc B52 bùng cháy trên bầu trời Hà Nội. Điều đặc biệt của cuốn sách là, ngoài những thông tin cụ thể về từng trận không chiến được hai phía là không quân Việt Nam và Mỹ đưa ra có những tổng kết, nhận định về kết quả của các trận đánh do nhiều yếu tố có thể không trùng khớp nhau vẫn được giữ nguyên để đảm bảo tính khách quan.','122.jpg',601,32,1,9.39,13497,5105,60,'8936036909856',1005,'J. K. Rowling','Nhà xuất bản giáo dục'),(123,39,'Disney Learning - Cùng Học Chữ Số','Các Kĩ Năng Học Tập Của Disney là bộ sách gồm 15 cuốn xoay quanh các chủ đề: từ vựng, phép cộng, phép nhân, cách đếm, chữ số, kĩ năng toán học, đọc hiểu, chữ cái tiếng Anh, phép trừ, hình dạng và quy luật sắp xếp... Mỗi cuốn sách tập trung vào một chủ đề chính, phù hợp với trẻ ở một lứa tuổi nhất định như: 4 - 5 tuổi, 5 - 6 tuổi, 6 - 7 tuổi, 7 - 8 tuổi. Các Kĩ Năng Học Tập Của Disney do các chuyên gia biên soạn nhằm giúp trẻ làm chủ những kiến thức và kỹ năng cần thiết, đồng thời là một công cụ học tập giúp trẻ vươn tới thành công. Bên cạnh những thông tin kiến thức thú vị, bổ ích, bộ sách còn giới thiệu nhiều trò chơi hấp dẫn, kích thích trí tò mò, óc sáng tạo và khả năng tư duy của trẻ.','123.jpg',577,655,1,6.12,24508,5346,88,'8936036136715',1706,'J. K. Rowling','Nhà xuất bản giáo dục'),(124,39,'Disney Learning - Cùng Học Kỹ Năng Toán Học 1','Các Kĩ Năng Học Tập Của Disney là bộ sách gồm 15 cuốn xoay quanh các chủ đề: từ vựng, phép cộng, phép nhân, cách đếm, chữ số, kĩ năng toán học, đọc hiểu, chữ cái tiếng Anh, phép trừ, hình dạng và quy luật sắp xếp... Mỗi cuốn sách tập trung vào một chủ đề chính, phù hợp với trẻ ở một lứa tuổi nhất định như: 4 - 5 tuổi, 5 - 6 tuổi, 6 - 7 tuổi, 7 - 8 tuổi. Các Kĩ Năng Học Tập Của Disney do các chuyên gia biên soạn nhằm giúp trẻ làm chủ những kiến thức và kỹ năng cần thiết, đồng thời là một công cụ học tập giúp trẻ vươn tới thành công. Bên cạnh những thông tin kiến thức thú vị, bổ ích, bộ sách còn giới thiệu nhiều trò chơi hấp dẫn, kích thích trí tò mò, óc sáng tạo và khả năng tư duy của trẻ.','124.jpg',81,376,0,1.45,7053,11416,78,'8936036954009',5512,'J. K. Rowling','Nhà xuất bản giáo dục'),(125,39,'Disney Learning - Cùng Học Phép Nhân','Các Kĩ Năng Học Tập Của Disney là bộ sách gồm 15 cuốn xoay quanh các chủ đề: từ vựng, phép cộng, phép nhân, cách đếm, chữ số, kĩ năng toán học, đọc hiểu, chữ cái tiếng Anh, phép trừ, hình dạng và quy luật sắp xếp... Mỗi cuốn sách tập trung vào một chủ đề chính, phù hợp với trẻ ở một lứa tuổi nhất định như: 4 - 5 tuổi, 5 - 6 tuổi, 6 - 7 tuổi, 7 - 8 tuổi. Các Kĩ Năng Học Tập Của Disney do các chuyên gia biên soạn nhằm giúp trẻ làm chủ những kiến thức và kỹ năng cần thiết, đồng thời là một công cụ học tập giúp trẻ vươn tới thành công. Bên cạnh những thông tin kiến thức thú vị, bổ ích, bộ sách còn giới thiệu nhiều trò chơi hấp dẫn, kích thích trí tò mò, óc sáng tạo và khả năng tư duy của trẻ.','125.jpg',675,617,1,5.91,11736,1040,66,'8936036359902',10698,'J. K. Rowling','Nhà xuất bản giáo dục'),(126,39,'Disney Learning - Cùng Học Số Và Cách Đếm','Các Kĩ Năng Học Tập Của Disney là bộ sách gồm 15 cuốn xoay quanh các chủ đề: từ vựng, phép cộng, phép nhân, cách đếm, chữ số, kĩ năng toán học, đọc hiểu, chữ cái tiếng Anh, phép trừ, hình dạng và quy luật sắp xếp... Mỗi cuốn sách tập trung vào một chủ đề chính, phù hợp với trẻ ở một lứa tuổi nhất định như: 4 - 5 tuổi, 5 - 6 tuổi, 6 - 7 tuổi, 7 - 8 tuổi. Các Kĩ Năng Học Tập Của Disney do các chuyên gia biên soạn nhằm giúp trẻ làm chủ những kiến thức và kỹ năng cần thiết, đồng thời là một công cụ học tập giúp trẻ vươn tới thành công. Bên cạnh những thông tin kiến thức thú vị, bổ ích, bộ sách còn giới thiệu nhiều trò chơi hấp dẫn, kích thích trí tò mò, óc sáng tạo và khả năng tư duy của trẻ.','126.jpg',131,553,1,6.17,12525,10954,77,'8936036937481',1723,'J. K. Rowling','Nhà xuất bản giáo dục'),(127,40,'100 bài luận mẫu tiếng Anh theo chủ điểm hiện đại','Trong xu thế toàn cầu hóa ngày nay, tầm quan trọng của tiếng Anh không thể phủ nhận và bỏ qua vì nó được dùng phổ biến ở mọi nơi trên thế giới. Cùng với sự phát triển của công nghệ, Y học, Kỹ thuật và Giáo dục… đó là những nơi mà tiếng Anh đóng vai trò quan trọng nhất. ','127.jpg',630,214,1,3.15,2414,11648,86,'8936036607699',10,'J. K. Rowling','Nhà xuất bản giáo dục'),(128,40,'1300 Câu Đàm Thoại Tiếng Hoa Phổ Thông - Tập 1 ','1300 Câu Đàm Thoại Tiếng Hoa Phổ Thông là giáo trình được biên soạn cho những người muốn tự học tiếng Hoa trong thời gian ngắn. Với mục đích đó, các bài học được thiết kế từ dễ đến khó và mỗi bài đều có 4 phần: bài khóa, từ mới, chú thích, bài tập. Các bạn sẽ thấy việc học tiếng Hoa dễ dàng hơn thông qua hệ thống phiên âm Latinh dùng kèm với các bảng thanh mẫu, vận mẫu giải thích cách phiên âm giúp các bạn phát âm rõ ràng và chuẩn xác hơn. Ngoài ra còn có các bài tập luyện đàm thoại giúp nâng cao khả năng giao tiếp Hán ngữ của các bạn.','128.jpg',754,109,1,5.23,24495,5380,97,'8936036226055',6622,'J. K. Rowling','Nhà xuất bản giáo dục'),(129,40,'145 bài học ngữ pháp tiếng Anh thường dùng (English grammar in use)','Trong xu thế toàn cầu hóa ngày nay, tầm quan trọng của tiếng Anh không thể phủ nhận và bỏ qua vì nó được dùng phổ biến ở mọi nơi trên thế giới. Cùng với sự phát triển của công nghệ, Y học, Kỹ thuật và Giáo dục… đó là những nơi mà tiếng Anh đóng vai trò quan trọng nhất. ','129.jpg',879,603,1,6.7,15236,11953,91,'8936036307176',9596,'J. K. Rowling','Nhà xuất bản giáo dục'),(130,41,'202 Câu Thành Ngữ Tiếng Anh Thông Dụng','Trong xu thế toàn cầu hóa ngày nay, tầm quan trọng của tiếng Anh không thể phủ nhận và bỏ qua vì nó được dùng phổ biến ở mọi nơi trên thế giới. Cùng với sự phát triển của công nghệ, Y học, Kỹ thuật và Giáo dục… đó là những nơi mà tiếng Anh đóng vai trò quan trọng nhất. ','130.jpg',131,589,1,7.84,2692,3624,60,'8936036857714',4624,'J. K. Rowling','Nhà xuất bản giáo dục'),(131,41,'250 bài ôn luyện ngữ pháp và từ vựng tiếng Anh để làm bài thi trắc nghiệm','Trong môi trường doanh nghiệp, ngôn ngữ chung nhất và quan trọng nhất rõ ràng là tiếng Anh. Thêm nữa, công việc chất lượng cao đòi hỏi phải có khả năng hiểu và giao tiếp được tiếng Anh. Do đó, các công ty có thể dễ dàng mở rộng hoạt động ra các nước khác và những công ty này thường sử dụng những sinh viên tốt nghiệp ra trường có khả năng tiếng Anh cùng với kết quả học tập cơ bản theo yêu cầu. ','131.jpg',18,432,0,9.09,17752,2261,90,'8936036367046',6076,'J. K. Rowling','Nhà xuất bản giáo dục'),(132,41,'2500 Câu Đàm Thoại Tiếng Anh Trong Các Tình Huống Thông Dụng','Trong xu thế toàn cầu hóa ngày nay, tầm quan trọng của tiếng Anh không thể phủ nhận và bỏ qua vì nó được dùng phổ biến ở mọi nơi trên thế giới. Cùng với sự phát triển của công nghệ, Y học, Kỹ thuật và Giáo dục… đó là những nơi mà tiếng Anh đóng vai trò quan trọng nhất. ','132.jpg',697,395,1,2.92,5685,432,90,'8936036262089',4762,'J. K. Rowling','Nhà xuất bản giáo dục'),(133,42,'Học Tiếng Hàn Cho Người Bận Rộn','Vào những năm 1980, việc giáo dục ngoại ngữ ở Mỹ và châu Âu đã chuyển sự tập trung sang ngôn ngữ hơn là biết về nó. Nhiều giáo viên ngoại ngữ hiện nay giữ quan điểm rằng nên tập trung nói hơn là ngữ pháp, thậm chí ngay từ lúc bắt đầu một khóa học ngoại ngữ. Trong các lớp học ngoại ngữ, các học viên luôn được khuyến khích nói bằng ngôn ngữ đích càng nhiêu càng tốt, mà không chú ý quá nhiều đến các lỗi mà họ có thể mắc phải. Để tiếp sức sống cho việc giảng dạy ngoại ngữ và tạo thuận lợi cho quá trình này, các giáo viên đã có rất nhiều cố gắng để tổ chức các lớp học với nhiều toàn liệu bổ sung đích thực, từ các kịch bản báo, các thời biểu, và các thực đơn, đến các băng audio và video về các chương trình thảo luận của những người bản xứ.','133.jpg',431,677,1,4.33,168,15376,80,'8936036209307',5585,'J. K. Rowling','Nhà xuất bản giáo dục'),(134,42,'Hướng Dẫn Học Ngữ Pháp Tiếng Hàn Cho Người Mới Bắt Đầu','Tập sách tự học này được biên soạn ở dạng sách giáo khoa trình độ sơ cấp thích hợp cho những người mới bắt đầu ghé thăm Hàn Quốc trên chuyến công tác, là du khách hoặc đang theo học các lớp buổi tối. Tuy nhiên, các khóa ngoại ngữ được đưa ra ở trình độ đại học. Tập sách này đưa ra rất nhiều các tình huống thực tế nhằm giúp học viên có thể bày tỏ những ý kiến cơ bản hữu ích trong sinh hoạt hàng ngày ở Hàn Quốc. Nó cung cấp từ vựng cơ bản và đặt nền tảng cho sự hiểu biết các nguyên tắc cơ bản về ngữ pháp tiếng Hàn. Sách trình bày nội dung đơn giản và rõ ràng, các loại thực hành nói khác nhau được thực hiện trong ngữ cảnh thực tế. Từ vựng và ngữ pháp được trình bày, rõ ràng, súc tích, trong suốt các bài học. Bố cục trình bày được sắp đặt một cách đặc biệt dành cho những người đang tự học.','134.jpg',62,98,1,2.91,8782,15584,68,'8936036260268',1892,'J. K. Rowling','Nhà xuất bản giáo dục'),(135,42,'Tự Học Tiếng Hàn Từ Cơ Bản Đến Nâng Cao','Vào những năm 1980, việc giáo dục ngoại ngữ ở Mỹ và châu Âu đã chuyển sự tập trung sang ngôn ngữ hơn là biết về nó. Nhiều giáo viên ngoại ngữ hiện nay giữ quan điểm rằng nên tập trung nói hơn là ngữ pháp, thậm chí ngay từ lúc bắt đầu một khóa học ngoại ngữ. Trong các lớp học ngoại ngữ, các học viên luôn được khuyến khích nói bằng ngôn ngữ đích càng nhiêu càng tốt, mà không chú ý quá nhiều đến các lỗi mà họ có thể mắc phải. Để tiếp sức sống cho việc giảng dạy ngoại ngữ và tạo thuận lợi cho quá trình này, các giáo viên đã có rất nhiều cố gắng để tổ chức các lớp học với nhiều toàn liệu bổ sung đích thực, từ các kịch bản báo, các thời biểu, và các thực đơn, đến các băng audio và video về các chương trình thảo luận của những người bản xứ.','135.jpg',17,557,1,9.58,18409,11792,80,'8936036673421',4450,'J. K. Rowling','Nhà xuất bản giáo dục'),(136,43,'Đàm Thoại Tiếng Nhật Trong 21 Chủ Điểm Thông Dụng','Cuốn sách được biên soạn gồm các câu đàm thoại tiếng Nhật thông dụng trong 21 chủ điểm, cuộc đối thoại hàng ngày nhằm cung cấp và bổ sung những từ vựng phổ biến nhất về ngôn ngữ này, giúp ích cho các bạn trong quá trình học tiếng Nhật.','136.jpg',898,390,1,2.14,15701,12208,95,'8936036586299',4831,'J. K. Rowling','Nhà xuất bản giáo dục'),(137,43,'Học Tiếng Nhật Cấp Tốc','Cuốn sách được biên soạn gồm các ký tự thiết yếu và các bộ chữ trong tiếng Nhật. Qua đó, giúp người đọc hiểu nghĩa để đọc cũng như cách viết các chữ này. Bên cạnh đó, sách còn có các câu giao tiếp tiếng Nhật phổ biến để người đọc học tiếng Nhật 1 cách nhanh chóng.','137.jpg',438,281,1,7.99,23277,5663,97,'8936036911233',10803,'J. K. Rowling','Nhà xuất bản giáo dục'),(138,43,'Hướng Dẫn Học Tiếng Nhật Từ Cơ Bản Đến Nâng Cao','Cuốn sách được biên soạn gồm các ký tự thiết yếu và các bộ chữ trong tiếng Nhật. Qua đó, giúp người đọc hiểu nghĩa để đọc cũng như cách viết các chữ này. Bên cạnh đó, sách còn có các câu giao tiếp tiếng Nhật phổ biến để người đọc học tiếng Nhật 1 cách nhanh chóng.','138.jpg',495,231,1,5.54,19283,11689,99,'8936036797269',4295,'J. K. Rowling','Nhà xuất bản giáo dục'),(139,44,'Đàm Thoại Tiếng Hoa Giải Trí ','Giao tiếp và diễn đạt tốt các ý tưởng ở các tình huống khác nhau là điều cần thiết trong cuộc sống. Sách bắt đầu với phần giới thiệu, hướng dẫn các âm và cách phát âm cũng như các mẫu câu đơn giản. Sau đó là 14 bài học với nhiều tình huống khác nhau như: Đi công viên, quán bar, đi xem phim, tham quan viện bảo tàng, Karaoke, xem tivi, hạn hò, đi dạo... Sau cùng là phần phụ lục cung cấp từ ngữ thông dụng.','139.jpg',160,310,1,2.74,1585,1457,64,'8936036252646',807,'J. K. Rowling','Nhà xuất bản giáo dục'),(140,44,'Đàm Thoại Tiếng Hoa Học Đường','Cuốn sách gồm 16 bài và hai phụ lục với các tình huống như đăng ký khóa học, giao tiếp trong và ngoài lớp học, đi thư viện, xin phép nghỉ học, ở ngân hàng, mua sắm, tìm căn hộ, thông báo tìm bạn, hoạt động thể thao, giải trí.... Với nội dung sách phong phú, chủ đề đa dạng, các mẫu câu giao tiếp ngắn gọn, dễ nhớ, hy vọng cuốn sách sẽ là tài liệu tham khảo hữu ích cho các bạn.','140.jpg',316,158,1,5.07,74,12218,84,'8936036871424',2893,'J. K. Rowling','Nhà xuất bản giáo dục'),(141,44,'Hướng Dẫn Viết 200 Chữ Tiếng Hoa Căn Bản Cho Người Mới Bắt Đầu','Muốn học giỏi tiếng Trung nói riêng và những ngoại ngữ khác nói chung, bạn phải có vốn từ vựng phong phú. Tự học từ vựng tiếng Trung theo chủ đề sẽ giúp bạn củng cố các từ thường dùng trong cuộc sống hàng ngày. Học từ vựng là một quá trình lâu dài và liên tục, hy vọng cuốn sách sẽ trở thành tài liệu hữu ích giúp bạn nắm bắt nhanh thứ ngôn ngữ đa dạng này.','141.jpg',97,558,1,7.16,20611,16719,89,'8936036599183',299,'J. K. Rowling','Nhà xuất bản giáo dục'),(142,44,'Vui học chữ Hán - 2 tập','Vui học chữ Hán - tập 1 và tập 2','142.jpg',536,214,1,1.57,2838,6938,93,'8936036381642',4560,'J. K. Rowling','Nhà xuất bản giáo dục'),(143,44,'250 Ký Tự Tiếng Hoa Giản Thể Thường Dùng','Muốn học giỏi tiếng Trung nói riêng và những ngoại ngữ khác nói chung, bạn phải có vốn từ vựng phong phú. Tự học từ vựng tiếng Trung theo chủ đề sẽ giúp bạn củng cố các từ thường dùng trong cuộc sống hàng ngày. Học từ vựng là một quá trình lâu dài và liên tục, hy vọng cuốn sách sẽ trở thành tài liệu hữu ích giúp bạn nắm bắt nhanh thứ ngôn ngữ đa dạng này.','143.jpg',390,98,1,3.4,2356,4536,96,'8936036110661',10160,'J. K. Rowling','Nhà xuất bản giáo dục'),(144,45,'4000 Từ Vựng Thiết Yếu Để Giao Tiếp Tiếng Pháp Hiệu Quả','Cuốn sách  4000 Từ Vựng Thiết Yếu Để Giao Tiếp Tiếng Pháp Hiệu Quả được biên soạn cho các bạn muốn rèn luyện thêm từ vựng tiếng Pháp mà không có điều kiện thời gian để đến trường lớp.','144.jpg',338,545,1,2.28,3262,1862,100,'8936036408381',1889,'J. K. Rowling','Nhà xuất bản giáo dục'),(145,46,'1000 Từ Tiếng Anh Theo Chủ Đề','Cuốn sách gồm hơn 1000 từ tiếng Anh và hình ảnh minh họa. Các từ ngữ được chọn lựa kỹ lưỡng và sắp xếp theo các chủ đề quen thuộc như: Gia đình và cơ thể, Nhà và vườn, Trang phục, Nghề nghiệp, Thú cưng, Động vật hoang dã, Trường học, Các trò chơi và môn thể thao... Với nội dung phong phú, cách trình bày hợp lý, thú vị và những hình ảnh minh họa sinh động, đáng yêu, “1000 từ tiếng Anh theo chủ đề” thực sự là một cuốn sách bổ ích, giúp trẻ mở rộng hơn vốn từ vựng Anh - Việt của mình.','145.jpg',521,332,1,9.19,9245,15704,73,'8936036709922',2453,'J. K. Rowling','Nhà xuất bản giáo dục'),(146,46,'Cùng Học Bảng Chữ Cái - Cùng Học Chữ Số','Bộ sách này sẽ giúp các bé làm quen với bảng chữ cái tiếng Anh và những từ vựng liên quan thông qua nhiều bức ảnh cỡ lớn và màu sắc tươi sáng, rõ ràng. Các từ trong sách dược trình bày theo nhiều chủ đề khác nhau như đồ vật trong nhà, động vật và chim chóc, các số đếm... Đi kèm với các từ tiếng Anh là phần phiên âm và nghĩa tiếng Việt tương ứng, giúp các bé làm quen với tiếng Anh và trau dồi thêm vốn từ vựng của mình.','146.jpg',589,21,1,2.12,11438,12935,86,'8936036324466',6596,'J. K. Rowling','Nhà xuất bản giáo dục'),(147,46,'Disney English - Cấp Độ 1: Bác Sĩ Daisy - Bay Lên Thật Cao! ','Tuổi thơ là khoảng thời gian diệu kì để trẻ tìm tòi và khám phá. Trẻ tiếp thu rất nhanh nên đây là giai đoạn lý tưởng để trẻ làm quen với ngoại ngữ. Các bậc phụ huynh hãy bắt đầu với việc chọn ra tài liệu phù hợp nhất để thu hút, dẫn dắt trẻ. Khi học ngoại ngữ, để thu hút trẻ thì việc phát huy trí tưởng tượng là điều rất quan trọng. Những cuốn sách đầu đời phải thật dễ hiểu để thúc đẩy sự phát triển khả năng ngôn ngữ của trẻ. Bộ sách Disney English (Học tiếng Anh cùng Disney) dạy các từ vựng cơ bản qua câu chuyện kể, giúp trẻ học tập một cách hứng thú. Mỗi cuốn truyện tranh Học tiếng Anh cùng Disney bao gồm một đến hai chủ đề, giúp trẻ nâng cao kĩ năng đọc hiểu tiếng Anh. Nhờ chơi trò chơi và tham gia hoạt động dựa trên các chủ đề này, trẻ sẽ thành thạo với các khái niệm cơ bản như số đếm và màu sắc bằng tiếng Anh. Với các nhân vật độc đáo của Disney, bộ sách sẽ mang lại cho trẻ những câu chuyện sinh động, các bài tập hào hứng, kích thích óc sáng tạo và trí tưởng tượng. Từ đó, trẻ sẽ cảm thấy yêu thích và muốn được học tiếng Anh.','147.jpg',381,511,1,9.02,4457,17560,71,'8936036492564',2133,'J. K. Rowling','Nhà xuất bản giáo dục'),(148,47,'Bác Sĩ Gia Đình Của Người Mắc Bệnh Tiểu Đường','Bệnh Tim Mạch - Cách Phòng & Điều Trị','148.jpg',135,391,1,1.78,12968,8994,78,'8936036489424',2622,'J. K. Rowling','Nhà xuất bản giáo dục'),(149,47,'Các Bệnh Thường Gặp Ở Phụ Nữ Mang Thai','Làm thế nào để biết là mình đang mắc bệnh và những triệu trứng để phát hiện sớm bệnh mà mình đang mắc là câu hỏi mà nhiều người đặt ra.Tuy nhiên, trong cuộc sống hối hả ngày nay, không ít người bị xoáy vào cuồng quay của cuộc sống nên vô tình đã không để ý đến những triệu chứng bệnh mà mình đang mắc phải, đến khi biết mình mắc bệnh thì bệnh đã phát triển khá lâu, việc điều trị càng trở lên khó khăn và tốn kém. Nhằm giúp mọi người có thể nhận biết sớm được triệu chứng một số bệnh thường gặp trong cuộc sống để có cách phòng tránh và chữa trị kịp thời, chúng tôi đã biên soạn Tủ Sách Y Học chuyên giới thiệu và phòng tránh các bệnh thường gặp trong cuộc sống. Mời các bạn đón đọc.','149.jpg',534,421,1,7.82,1472,12288,76,'8936036969427',6710,'J. K. Rowling','Nhà xuất bản giáo dục'),(150,47,'Cách Phòng Và Điều Trị Bệnh Đường Ruột Ở Trẻ','Làm thế nào để biết là mình đang mắc bệnh và những triệu trứng để phát hiện sớm bệnh mà mình đang mắc là câu hỏi mà nhiều người đặt ra.Tuy nhiên, trong cuộc sống hối hả ngày nay, không ít người bị xoáy vào cuồng quay của cuộc sống nên vô tình đã không để ý đến những triệu chứng bệnh mà mình đang mắc phải, đến khi biết mình mắc bệnh thì bệnh đã phát triển khá lâu, việc điều trị càng trở lên khó khăn và tốn kém. Nhằm giúp mọi người có thể nhận biết sớm được triệu chứng một số bệnh thường gặp trong cuộc sống để có cách phòng tránh và chữa trị kịp thời, chúng tôi đã biên soạn Tủ Sách Y Học chuyên giới thiệu và phòng tránh các bệnh thường gặp trong cuộc sống. Mời các bạn đón đọc.','150.jpg',265,229,1,5.77,18453,14460,86,'8936036378866',2198,'J. K. Rowling','Nhà xuất bản giáo dục'),(151,47,'Bệnh Tim Mạch - Cách Phòng & Điều Trị','Làm thế nào để biết là mình đang mắc bệnh và những triệu trứng để phát hiện sớm bệnh mà mình đang mắc là câu hỏi mà nhiều người đặt ra.Tuy nhiên, trong cuộc sống hối hả ngày nay, không ít người bị xoáy vào cuồng quay của cuộc sống nên vô tình đã không để ý đến những triệu chứng bệnh mà mình đang mắc phải, đến khi biết mình mắc bệnh thì bệnh đã phát triển khá lâu, việc điều trị càng trở lên khó khăn và tốn kém. Nhằm giúp mọi người có thể nhận biết sớm được triệu chứng một số bệnh thường gặp trong cuộc sống để có cách phòng tránh và chữa trị kịp thời, chúng tôi đã biên soạn Tủ Sách Y Học chuyên giới thiệu và phòng tránh các bệnh thường gặp trong cuộc sống. Mời các bạn đón đọc.','151.jpg',718,582,1,4.4,12852,15436,61,'8936036986049',2603,'J. K. Rowling','Nhà xuất bản giáo dục'),(152,47,'Các Lưu Ý Khi Cho Trẻ Dùng Thuốc','Làm thế nào để biết là mình đang mắc bệnh và những triệu trứng để phát hiện sớm bệnh mà mình đang mắc là câu hỏi mà nhiều người đặt ra.Tuy nhiên, trong cuộc sống hối hả ngày nay, không ít người bị xoáy vào cuồng quay của cuộc sống nên vô tình đã không để ý đến những triệu chứng bệnh mà mình đang mắc phải, đến khi biết mình mắc bệnh thì bệnh đã phát triển khá lâu, việc điều trị càng trở lên khó khăn và tốn kém. Nhằm giúp mọi người có thể nhận biết sớm được triệu chứng một số bệnh thường gặp trong cuộc sống để có cách phòng tránh và chữa trị kịp thời, chúng tôi đã biên soạn Tủ Sách Y Học chuyên giới thiệu và phòng tránh các bệnh thường gặp trong cuộc sống. Mời các bạn đón đọc.','152.jpg',798,123,1,3.68,8899,13798,68,'8936036793647',6420,'J. K. Rowling','Nhà xuất bản giáo dục'),(153,47,'Hỏi - Đáp Về Các Bệnh Thường Gặp','Làm thế nào để biết là mình đang mắc bệnh và những triệu trứng để phát hiện sớm bệnh mà mình đang mắc là câu hỏi mà nhiều người đặt ra.Tuy nhiên, trong cuộc sống hối hả ngày nay, không ít người bị xoáy vào cuồng quay của cuộc sống nên vô tình đã không để ý đến những triệu chứng bệnh mà mình đang mắc phải, đến khi biết mình mắc bệnh thì bệnh đã phát triển khá lâu, việc điều trị càng trở lên khó khăn và tốn kém. Nhằm giúp mọi người có thể nhận biết sớm được triệu chứng một số bệnh thường gặp trong cuộc sống để có cách phòng tránh và chữa trị kịp thời, chúng tôi đã biên soạn Tủ Sách Y Học chuyên giới thiệu và phòng tránh các bệnh thường gặp trong cuộc sống. Mời các bạn đón đọc.','153.jpg',833,267,1,4.21,5941,2682,99,'8936036010089',803,'J. K. Rowling','Nhà xuất bản giáo dục'),(154,48,'Người lãnh đạo không quyết định vội vàng','Bạn có đang hoa mắt chóng mặt vì phải gánh vác thay công việc của những nhân viên non yếu? Bạn có đang loay hoay trong việc kết nối một tập thể rời rạc thành một nhóm đoàn kết? Bạn có đang hạn chế cơ hội học tập và có được những trải nghiệm mới thông qua thất bại của nhân viên? Bạn có đang chủ quan cho rằng mình đã đi guốc trong bụng những người mà bạn dẫn dắt? Cuốn sách dành cho những người lãnh đạo đang trăn trở vì:  Thiếu nhân lực, Không thể tăng giờ làm và  Vẫn phải đảm bảo chỉ tiêu. ','154.jpg',770,265,1,9.02,3005,12016,68,'8936036669506',8240,'J. K. Rowling','Nhà xuất bản giáo dục'),(155,48,'Lợi Thế Mỗi Ngày - 35 Mẹo Đơn Giản Để Nâng Cao Hiệu Suất Trong Công Việc','Bạn sẽ tìm thấy câu trả lời cho những câu hỏi trên cùng nhiều mẹo đơn giản nhưng vô cùng hữu ích khác trong Lợi Thế Mỗi Ngày. David Horsager giới thiệu cho bạn 35 mẹo giúp tăng hiệu suất công việc một cách dễ hiểu và cô đọng trong từng chương. Khi áp dụng những mẹo này trong công việc hàng ngày của chính bạn, bẹn sẽ thấy mình làm việc năng suất hơn, sử dụng thời gian hiệu quả hơn, và khi đó bạn đã có được cho mình Lợi Thế Mỗi Ngày. ','155.jpg',349,521,1,4.48,22203,12035,64,'8936036317262',3561,'J. K. Rowling','Nhà xuất bản giáo dục'),(156,48,'Bí quyết làm việc với người khó ưa','Những đồng nghiệp chuyên “vạch lá tìm sâu”, những nhân viên cứng đầu, những vị sếp khó ưa, những khách hàng hay phàn nàn…có thể là một trong những đối tượng khó ưa bạn phải đối mặt hàng ngày. Tuy nhiên, chỉ cần hiểu động cơ và tính cách của họ, bạn sẽ tìm ra cách tránh được các tình huống rắc rối, vượt qua mọi tình huống khó xử mà không bị “bốc hỏa”.   Có thế nói, cuốn sách đã cung cấp những ý tưởng, những phương pháp và cách tiếp cận hữu ích mà bạn cần để vượt qua những tình huống tồi tệ nhất. ','156.jpg',435,411,1,3.36,2003,4124,94,'8936036577792',4830,'J. K. Rowling','Nhà xuất bản giáo dục'),(157,48,'Những Câu Nói Thuyết Phục Để Phỏng Vấn Thành Công','Bản thân mỗi chúng ta đều hiểu rằng công việc tốt luôn đòi hỏi sự cạnh tranh khốc liệt giữa các ứng viên. Điều bạn cần chính là \'lợi thế\' - thông tin nội bộ về những điều mà người phỏng vấn thực sự muốn nghe và hướng dẫn cụ thể và cách truyền tải đó. Người mang tới cho bạn lợi thế đó chính là tác giả, Tony Beshara, anh ấy đã tổng hợp tất cả các thông tin bạn cần vào cuốn sách này để giúp bạn trở thành ứng viên nổi trội nhất.','157.jpg',127,489,1,2.36,18404,4515,61,'8936036937176',1722,'J. K. Rowling','Nhà xuất bản giáo dục'),(158,27,'Mười Vạn Câu Hỏi Tại Sao - Tại Sao Chú Voi Lại Có Đôi Tai Khổng Lồ','Trong con mắt trẻ thơ, thế giới này vừa mới mẻ, vừa huyền bí. Vũ trụ bao la, những cảnh sắc thiên nhiên tươi đẹp, những câu chuyện kì lạ xung quanh trẻ luôn là những câu chuyện vô tận và diệu kì. Trẻ em nhìn thế giới bằng đôi mắt ngây thơ, vì thế mà trẻ luôn đặt ra những câu hỏi “Tại sao?” và \"Vì sao?\". Trẻ em luôn đưa ra những câu hỏi “Vì sao?” hay “Tại sao?” mà đôi khi chính những người lớn cũng khó mà trả lời được. Nếu quan sát thật kỹ, bạn sẽ dễ dàng nhận ra rằng, những góc nhìn của trẻ rất đặc biệt. Những góc nhìn đó luôn tràn đầy những tưởng tượng thật hồn nhiên, trong sáng và thể hiện một sự tò mò rất lớn của trẻ. Quả thực, những câu hỏi \"Tại sao?\" và \"Vì sao?\" của trẻ hoàn toàn không phải là vấn đề nghiên cứu của khoa học, mà chính cách quan sát và nhận thức thế giới của trẻ mới là điều mà các nhà nghiên cứu quan tâm. Trí tò mò chính là động lực thúc đẩy trẻ tìm hiểu về thế giới. Chúng ta cần giúp trẻ nuôi dưỡng trí tò mò này, dùng nó làm động lực thúc đẩy trẻ trưởng thành, say mê tìm hiểu những tri thức khoa học, từ đó góp phần làm phát triển thế giới.','158.jpg',327,512,1,9.71,11010,10203,80,'8936036952505',5863,'J. K. Rowling','Nhà xuất bản giáo dục'),(159,27,'Mười Vạn Câu Hỏi Tại Sao - Tại Sao Chúng Ta Nhìn Thấy Chú Thỏ Trên Mặt Trăng','Tập sách “Tại Sao Chúng Ta Nhìn Thấy Chú Thỏ Trên Mặt Trăng?” nói về những thắc mắc của trẻ về mặt trăng,thế giới vũ trụ bao la. Những thắc mắc ấy sẽ được giải đáp trong cuốn sách này.','159.jpg',254,392,1,4.49,24840,17471,79,'8936036950997',661,'J. K. Rowling','Nhà xuất bản giáo dục'),(160,27,'Mười Vạn Câu Hỏi Tại Sao - Tại Sao Tảng Thạch Lại Lắc Lư','Bộ sách “Mười Vạn Câu Hỏi Tại Sao” được các tác giả sưu tầm và biên tập từ rất nhiều câu hỏi “Tại sao”, \"Vì sao\" của trẻ. Qua quá trình chọn lọc cẩn thận, chu đáo, nhóm tác giả đã tổng kết được những nội dung hết sức hấp dẫn, mới mẻ và khoa học.','160.jpg',287,421,1,1.33,16172,16745,93,'8936036897469',9204,'J. K. Rowling','Nhà xuất bản giáo dục'),(161,28,'Bách Khoa Tri Thức Tổng Hợp - 366 Câu Hỏi Khám Phá Thế Giới','\"366 Câu Hỏi Khám Phá Thế Giới\" Nếu năm nhuận, năm đó sẽ có 366 ngày. Cuốn sách 366 câu hỏi khám phá thế giới lấy cảm hứng từ việc mỗi ngày đọc một trang sách bạn sẽ tích lũy được nhiều kiến thức. 366 câu hỏi khám phá thế giới tìm hiểu 12 lĩnh vực mà người đọc thường quan tâm như: Trái đất, Đại dương, Khoa học công nghệ, Cơ thể người, Động vật và thực vật... tương ứng với 12 tháng trong năm. Mỗi ngày lại tương ứng với một câu hỏi và lời giải đáp được trả lời một cách súc tích nhưng đầy đủ và thâu tóm được toàn bộ nội dung.','161.jpg',673,230,1,1.2,6337,11311,89,'8936036634355',8806,'J. K. Rowling','Nhà xuất bản giáo dục'),(162,28,'Bách Khoa Tri Thức Tổng Hợp - Một Triệu Câu Hỏi Vì Sao?','\"Một triệu câu hỏi vì sao?\" là cuốn sách khám phá khoa học thú vị và bổ ích được biên soạn phù hợp với sở thích và nhu cầu tìm hiểu khoa học của lứa tuổi thiếu niên nhi đồng. Sách gồm 4 phần: Hành tinh.của em, Tìm hiểu cơ thể người, Động vật hoang dã và Khủng long. Trong cuốn sách này, các em sẽ có cơ hội được cùng 6 bạn nhỏ dễ thương tham gia vào những chuyến du ngoạn thú vị, để tìm hiểu về những điều kì thú về Trái Đất thân yêu, sự kì diệu trong thế giới thiên nhiên hoang dã đầy màu sắc, những điều chưa biết ở thế giới khủng long thời tiền sử, và cả những bí mật về cơ thể của chính chúng ta nữa đấy!','162.jpg',502,586,1,9.98,8170,6319,68,'8936036479370',4674,'J. K. Rowling','Nhà xuất bản giáo dục'),(163,28,'Bách Khoa Tri Thức Tổng Hợp - Bách Khoa Thư Khám Phá Thế Giới Diệu Kỳ','Thế giới có muôn vàn điều kì thú và cuốn bách khoa thư độc đáo này sẽ dẫn bé vào ba cuộc hành trình khám phá thế giới diệu kì ấy. Trong phần đầu tiên, chiếc tàu vũ trụ sẽ đưa Noah, Emma và bé đi khám phá vũ trụ bao la với rất nhiều điều thú vị về các hành tinh, các ngôi sao, Mặt Trời, Mặt Trăng…. Ở phần tiếp theo, bé sẽ được tìm hiểu về những phát minh và khám phá quan trọng từ thời cổ đại đến thời hiện đại trong các lĩnh vực như: giao thông, thông tin liên lạc, y tế…. Và ở phần cuối cùng, bí mật về những chàng hiệp sĩ và những tòa pháo đài thời Trung cổ hẳn sẽ khiến bé vô cùng thích thú. Với những câu trả lời ngắn gọn và dễ hiểu, hình ảnh minh họa sinh động cùng màu sắc tươi tắn, cuốn sách này sẽ kích thích sự ham hiểu biết và bồi đắp thêm niềm đam mê khám phá trong bé.','163.jpg',489,139,1,9.31,21834,17660,90,'8936036493785',8694,'J. K. Rowling','Nhà xuất bản giáo dục'),(164,29,'Bách Khoa Toàn Thư Cho Bé - Động Vật (Bộ 10 Cuốn)','Qua các cuốn sách, bé sẽ được làm quen với các loài động vật, biết cách phân biệt từng màu sắc, đặc điểm và đặc tính riêng của các loài. Ngoài ra, những câu chuyện trong bộ sách này sẽ giúp bé hình thành những thói quen và phẩm chất tốt, ảnh hưởng đến việc hình thành nhân cách sau này của trẻ. Sách được in màu với mảu sắc tươi sáng, hình vẽ ngộ nghĩnh, đáng yêu.','164.jpg',940,335,1,6.62,9666,9345,67,'8936036030815',5961,'J. K. Rowling','Nhà xuất bản giáo dục'),(165,29,'Bách Khoa Toàn Thư Cho Bé - Rèn Luyện Sự Hiểu Biết (Bộ 10 Cuốn)','Bách Khoa Toàn Thư Cho Bé - Rèn Luyện Sự Hiểu Biết được biên soạn dành cho bé từ 3 - 8 tuổi. Bộ sách như một kho tàng tri thức phong phú, sinh động, giúp bé có được tri thức toàn diện về thế giới. Bách Khoa Toàn Thư Cho Bé - Rèn Luyện Sự Hiểu Biết gồm 10 cuốn với các chủ đề gần gũi, thân quen xung quanh các bé','165.jpg',233,559,1,4.16,7828,13744,85,'8936036672722',3725,'J. K. Rowling','Nhà xuất bản giáo dục'),(166,29,'Bách Khoa Toàn Thư Cho Bé 2 - 3 Tuổi (Bộ 8 Cuốn)','Bộ sách Bách Khoa Toàn Thư Cho Bé - 2 - 3 Tuổi gồm 8 cuốn với các chủ đề phong phú: An toàn, Câu chuyện kiến và chim bồ câu, Nhận biết chữ số, Khả năng ghi nhớ, Nhận biết chữ, Khả năng phán đoán, Phát triển ngôn ngữ, Thói quen tốt','166.jpg',344,387,1,8.97,10138,685,86,'8936036271165',741,'J. K. Rowling','Nhà xuất bản giáo dục'),(167,30,'Doraemon truyện ngắn','Doraemon truyện ngắn','167.jpg',19,257,1,4.38,2208,2194,73,'8936036337661',4272,'J. K. Rowling','Nhà xuất bản giáo dục'),(168,30,'Doraemon truyện dài','Doraemon truyện dài','168.jpg',64,125,1,3.01,5626,8912,86,'8936036874811',7396,'J. K. Rowling','Nhà xuất bản giáo dục'),(169,30,'Doraemon kỷ niệm','Doraemon kỷ niệm','169.jpg',260,553,1,9.88,21504,17978,71,'8936036361070',674,'J. K. Rowling','Nhà xuất bản giáo dục'),(170,31,'Thám tử lừng danh conan 1','Thám tử lừng danh conan','170.jpg',106,286,1,3.38,15646,3154,78,'8936036180917',4671,'J. K. Rowling','Nhà xuất bản giáo dục'),(171,31,'Thám tử lừng danh conan 2','Thám tử lừng danh conan','171.jpg',750,473,1,4.29,13715,1836,77,'8936036821378',9586,'J. K. Rowling','Nhà xuất bản giáo dục'),(172,31,'Thám tử lừng danh conan 3','Thám tử lừng danh conan','172.jpg',432,104,0,1.3,21636,19716,90,'8936036564138',10433,'J. K. Rowling','Nhà xuất bản giáo dục'),(173,32,'39 Đề thi Toán','39 Đề thi Toán','173.jpg',907,499,1,1.66,17040,13072,81,'8936036356559',11664,'J. K. Rowling','Nhà xuất bản giáo dục'),(174,32,'39 Đề thi Khoa học tự nhiên','39 Đề thi Khoa học tự nhiên','174.jpg',237,82,0,3.38,20286,6212,74,'8936036090379',3535,'J. K. Rowling','Nhà xuất bản giáo dục'),(176,33,'Cha mẹ làm gì để con vững bước trưởng thành?','Đã có nhiều cuốn sách nói về bí quyết nuôi dạy con, chia sẻ những quan điểm trong việc nuôi dạy con cái. Tuy  không có một phương pháp nào là chuẩn mực đối với mọi đứa trẻ, và cuốn sách Cha mẹ làm gì để con vững bước trưởng thành? là chia sẻ của những bậc cha mẹ về việc giáo dục, phát triển cho con cả về thể chất, trí tuệ lẫn tâm hồn. Với những gợi ý đơn giản, những bí quyết thiết thực và hữu ích, đây không chỉ là một cuốn sách hay mà còn là một món quà ý nghĩa, một người bạn hỗ trợ đắc lực dành cho những bậc cha mẹ mong muốn tâm hồn trẻ thơ của con phát triển toàn diện trong tương lai.','176.jpg',465,311,0,1.91,313,11843,66,'8936036382220',6165,'J. K. Rowling','Nhà xuất bản giáo dục'),(177,33,'Tủ Sách Vàng Cho Con - 101 Truyện Ở Nông Trại','Những câu chuyện vui nhộn, những cuộc phiêu lưu kỳ thú và các nhân vật gần gũi, dễ thương sẽ giúp bạn khám phá cuộc sống ở nông trại và cùng bạn bước vào thế giới của những ước mơ.','177.jpg',612,610,0,7.44,15705,580,88,'8936036639962',8480,'J. K. Rowling','Nhà xuất bản giáo dục'),(178,33,'Tủ Sách Vàng Cho Con - Truyện Ngụ Ngôn Aesop','Với 17 câu chuyện ngụ ngôn chọn lọc mang nội dung sâu sắc, sách lại được in màu,mỗi câu chuyện đều được minh họa bởi các loài vật thân thuộc: như thỏ đại diện cho sự nhanh nhẹn, rùa chậm chạp, cáo thì khôn lỏi, cừu thì hiền lành dễ bị bắt nạt, sư tử oai phong ... Khiến những thông điệp mà các câu chuyện này truyền tải cũng là những thông điệp rất dễ hiểu, gần gũi với cuộc sống của các bạn nhỏ như: không được tự đắc và khoe khoang khi đạt được thành quả như bạn Quạ, hãy sáng suốt và luôn tôn trọng mọi người xung quanh như Vua Sư Tử, hãy chăm chỉ và biết lo xa như loài Kiến...','178.jpg',663,16,0,3.47,2586,7370,61,'8936036053150',417,'J. K. Rowling','Nhà xuất bản giáo dục'),(179,33,'Cha mẹ làm gì để tránh gây tổn thương cho con?','Cuốn sách “CHA MẸ LÀM GÌ ĐỂ TRÁNH GÂY TỔN THƯƠNG CHO CON?” nêu ra những câu nói mà con trẻ không muốn nghe thấy nhất từ cha mẹ của mình. Mỗi khi các bậc phụ huynh thấy tức giận và muốn phạt con thì hãy suy ngẫm về \"những câu nói\" trong cuốn sách này và thay đổi cách giáo dục. Hãy nhớ rằng đôi khi sự nhắc nhở hoặc khuyên bảo nhẹ nhàng, tế nhị, thậm chí chỉ một nụ cười yêu thương, dịu dàng cũng đủ khiến trẻ thay đổi suy nghĩ và hành vi.','179.jpg',477,349,1,3.01,15814,15111,63,'8936036345864',130,'J. K. Rowling','Nhà xuất bản giáo dục'),(180,49,'151 Món Dưa - Cà - Kim Chi','151 Món Dưa - Cà - Kim Chi','180.jpg',398,296,0,3.67,21312,13442,72,'8936036569871',11142,'J. K. Rowling','Nhà xuất bản giáo dục'),(181,49,'160 Món Xào Ngon','160 Món Xào Ngon','181.jpg',558,431,0,8.32,9122,1878,70,'8936036811766',8348,'J. K. Rowling','Nhà xuất bản giáo dục'),(182,49,'100 Món Đãi Tiệc','100 Món Đãi Tiệc','182.jpg',594,565,1,2.6,6671,9064,74,'8936036349215',8313,'J. K. Rowling','Nhà xuất bản giáo dục'),(183,49,'100 Tuyệt Chiêu Nấu Mì Ngon','100 Tuyệt Chiêu Nấu Mì Ngon','183.jpg',1000,1300,1,9,4,9435344,98,'8936036310776',0,'J. K. Rowling','Nhà xuất bản giáo dục'),(184,49,'1000 Mẹo Vặt Trong Ẩm Thực','1000 Mẹo Vặt Trong Ẩm Thực','184.jpg',1000,1000,1,9,4,5,100,'8936036506239',1,'J. K. Rowling','Nhà xuất bản giáo dục'),(185,49,'125 Món Nướng Đặc Sắc','125 Món Nướng Đặc Sắc','185.jpg',1000,1000,1,9,4,5,100,'8936036598866',2,'J. K. Rowling','Nhà xuất bản giáo dục'),(186,49,'130 Món Lẩu Nhậu Dễ Làm','130 Món Lẩu Nhậu Dễ Làm','186.jpg',1000,1000,1,9,4,5,100,'8936036475612',3,'J. K. Rowling','Nhà xuất bản giáo dục'),(187,49,'140 Món Ngon Tráng Miệng Tuyệt Đỉnh','140 Món Ngon Tráng Miệng Tuyệt Đỉnh','187.jpg',1000,1000,1,9,4,5,100,'8936036581462',4,'J. K. Rowling','Nhà xuất bản giáo dục'),(188,49,'143 Món Khai Vị Hấp Dẫn','143 Món Khai Vị Hấp Dẫn','188.jpg',1000,1000,1,9,4,5,100,'8936036480475',5,'J. K. Rowling','Nhà xuất bản giáo dục'),(189,49,'170 Món Xốt Dễ Làm','170 Món Xốt Dễ Làm','189.jpg',1000,1000,1,9,4,5,100,'8936036657989',5,'J. K. Rowling','Nhà xuất bản giáo dục'),(190,30,'Doraemon truyện dài tập 2','Nobita và lịch sử khai phá vũ trụ','190.jpg',999,2000,0,10,1,5000,100,'8936036848522',0,'J. K. Rowling','Nhà xuất bản giáo dục'),(191,50,'Bút bi thiên long','Bút bi thiên long','191.jpg',1000,100,1,0,0,4000,NULL,'8935001804628',0,NULL,'Thiên Long'),(192,50,'Bút chì 2B','Bút chì 2B','192.jpg',1000,1000,1,0,0,2000,NULL,'6948628803075',0,NULL,NULL),(193,50,'Bút dạ bảng 3 màu','Bút dạ bảng 3 màu','193.jpg',1000,2000,1,0,0,3000,NULL,'1471731MA',0,NULL,NULL),(194,51,'Vở Campus 200 trang','Vở Campus 200 trang','194.jpg',1000,2000,0,0,0,3000,200,'8936036828207',0,NULL,'Campus'),(195,51,'Vở Hồng Hà 4 mùa','Vở Hồng Hà 4 mùa','195.jpg',1000,2000,0,0,0,3000,120,'8936036828320',0,NULL,'Hồng Hà'),(196,51,'Vở Hải Tiến 80 Trang','Vở Hải Tiến 80 Trang','196.jpg',1000,2000,1,0,0,3000,80,'893601482227',0,NULL,'Hải Tiến'),(197,52,'Ghim bấm Deli','Ghim bấm Deli','197.jpg',1000,1000,1,0,0,22000,NULL,'ZC1822',0,NULL,'Deli'),(198,52,'Túi Clear Bag','Túi Clear Bag','198.jpg',1000,1000,1,0,0,22000,NULL,'ZL230X280P',0,NULL,NULL),(199,52,'Giấy A4','Giấy A4','199.png',1000,1000,1,0,0,22000,NULL,'1201693',0,NULL,'Double A'),(200,53,'Tranh Phong Thủy','Tranh Phong Thủy','200.jpg',1000,2000,1,0,0,88000,NULL,'PHT00699',0,NULL,NULL),(201,53,'Búp bê Bắc Trung Nam','Búp bê Bắc Trung Nam','201.jpg',1000,432,1,0,0,943534,NULL,'24-D-00014255',0,NULL,NULL),(202,53,'Cầu Pha Lê Phong Thủy','Cầu Pha Lê Phong Thủy','202.jpg',1000,35435,1,0,0,88000,NULL,'2970825181919',0,NULL,NULL);
/*!40000 ALTER TABLE `product` ENABLE KEYS */;
UNLOCK TABLES;

--
-- Table structure for table `province`
--

DROP TABLE IF EXISTS `province`;
/*!40101 SET @saved_cs_client     = @@character_set_client */;
 SET character_set_client = utf8mb4 ;
CREATE TABLE `province` (
  `id_province` int(11) NOT NULL AUTO_INCREMENT,
  `name` varchar(45) NOT NULL,
  `position` int(11) NOT NULL,
  PRIMARY KEY (`id_province`)
) ENGINE=InnoDB AUTO_INCREMENT=5 DEFAULT CHARSET=utf8mb4 COLLATE=utf8mb4_0900_ai_ci;
/*!40101 SET character_set_client = @saved_cs_client */;

--
-- Dumping data for table `province`
--

LOCK TABLES `province` WRITE;
/*!40000 ALTER TABLE `province` DISABLE KEYS */;
INSERT INTO `province` VALUES (0,'Việt Nam',0),(2,'Hà Nội',1),(3,'Sài Gòn',3),(4,'Đà Nẵng',2);
/*!40000 ALTER TABLE `province` ENABLE KEYS */;
UNLOCK TABLES;

--
-- Table structure for table `statistic`
--

DROP TABLE IF EXISTS `statistic`;
/*!40101 SET @saved_cs_client     = @@character_set_client */;
 SET character_set_client = utf8mb4 ;
CREATE TABLE `statistic` (
  `id_statistic` int(11) NOT NULL AUTO_INCREMENT,
  `date` date NOT NULL,
  `access_quantity` int(11) NOT NULL DEFAULT '0',
  `van_phong_pham` int(11) NOT NULL DEFAULT '0',
  `thieu_nhi` int(11) NOT NULL DEFAULT '0',
  `van_hoc` int(11) NOT NULL DEFAULT '0',
  `tam_ly_doi_song` int(11) NOT NULL DEFAULT '0',
  `khoa_hoc` int(11) NOT NULL DEFAULT '0',
  `the_others` int(11) NOT NULL DEFAULT '0',
  `isclosed` tinyint(4) NOT NULL DEFAULT '0',
  `chinh_tri_lich_su` int(11) NOT NULL DEFAULT '0',
  `tham_khao` int(11) NOT NULL DEFAULT '0',
  PRIMARY KEY (`id_statistic`)
) ENGINE=InnoDB AUTO_INCREMENT=6 DEFAULT CHARSET=utf8mb4 COLLATE=utf8mb4_0900_ai_ci;
/*!40101 SET character_set_client = @saved_cs_client */;

--
-- Dumping data for table `statistic`
--

LOCK TABLES `statistic` WRITE;
/*!40000 ALTER TABLE `statistic` DISABLE KEYS */;
INSERT INTO `statistic` VALUES (1,'2020-01-01',43234,45351,20642,41594,17438,42432,53532,1,34020,25436),(2,'2020-02-01',23213,71938,32432,43120,63277,82271,40123,1,55783,78543),(3,'2020-03-01',32796,55185,74372,83827,43827,23134,43328,1,56483,38947),(4,'2020-04-01',55647,63096,32747,42388,22374,89473,73212,1,63743,69423),(5,'2020-05-01',30782,78781,94233,43238,47362,46273,48381,0,83002,43135);
/*!40000 ALTER TABLE `statistic` ENABLE KEYS */;
UNLOCK TABLES;
/*!40103 SET TIME_ZONE=@OLD_TIME_ZONE */;

/*!40101 SET SQL_MODE=@OLD_SQL_MODE */;
/*!40014 SET FOREIGN_KEY_CHECKS=@OLD_FOREIGN_KEY_CHECKS */;
/*!40014 SET UNIQUE_CHECKS=@OLD_UNIQUE_CHECKS */;
/*!40101 SET CHARACTER_SET_CLIENT=@OLD_CHARACTER_SET_CLIENT */;
/*!40101 SET CHARACTER_SET_RESULTS=@OLD_CHARACTER_SET_RESULTS */;
/*!40101 SET COLLATION_CONNECTION=@OLD_COLLATION_CONNECTION */;
/*!40111 SET SQL_NOTES=@OLD_SQL_NOTES */;

-- Dump completed on 2020-06-17 14:15:43
